"","s0","s1","s2","s3","s4","s5","s6","s7","s8","s9","s10","s11","s12","s13","s14","s15","s16","s17","s18","s19","s20","s21","s22","s23","s24","s25","s26","s27","s28","s29","s30","s31","s32","s33","s34","s35","s36","s37","s38","s39","s40","s41","s42","s43","s44","s45","s46","s47","s48","s49","s50","s51","s52","s53","s54","s55","s56","s57","s58","s59","s60","s61","s62","s63","s64","s65","s66","s67","s68","s69","s70","s71","s72","s73","s74","s75","s76","s77","s78","s79","s80","s81","s82","s83","s84","s85","s86","s87","s88","s89","s90","s91","s92","s93","s94","s95","s96","s97","s98","s99"
"V1",0,0,0,0,0,0,0,0,0,0,0,0,0,0,0,0,0,0,0,0,0,0,0,0,0,0,0,0,0,0,0,0,0,0,0,0,0.00595099549758946,0.0147661012388393,0.0231788435079834,0.0312092235682309,0.0388746104520465,0.0461915936717088,0.0531760087114579,0.0598429713083361,0.0662069101658085,0.072281598180499,0.0780801822496239,0.0835885655648436,0.0888871817565739,0.0938879368677402,0.0988713609307177,0.10369340976155,0.108266534062894,0.112667700550356,0.116867581040108,0.120108661544428,0.123276110097427,0.126298151291083,0.129152847040898,0.131912935446744,0.134303908683406,0.136023115230418,0.137640520111096,0.139143109077827,0.140356740194874,0.141499074554596,0.142064646983291,0.142424158810541,0.142713185037099,0.143008489898926,0.143383065551446,0.143705963491286,0.14398998948374,0.144684117275224,0.145249054064474,0.145744850180971,0.146200754874067,0.146605718944915,0.14647313399599,0.146200376665597,0.145961829567164,0.145820591581548,0.145632875508414,0.145135133754641,0.144870691631497,0.144628703546666,0.144645018327423,0.144631406897398,0.144478283975132,0.144471022550722,0.144148577720442,0.144463291734653,0.145094060519387,0.145720409046767,0.146086838071871,0.146417424822641,0.146666126907375,0.14688046811364,0.146980648233357,0.147025398768085
"V2",0,0,0,0,0,0,0,0,0,0,0,0,0,0,0,0,0,0.00672519731069549,0.0220966428264842,0.0375426935670045,0.0522854211775127,0.0663580688163934,0.0797910929011128,0.0926135653094829,0.104853236557482,0.116536595857307,0.127688928445581,0.138334370305897,0.148601647731608,0.158824099907774,0.168585523484888,0.177903277329638,0.186797524881254,0.195287515154819,0.203391622267524,0.211127385204579,0.218597365026461,0.225794197369897,0.232654259647599,0.239202547065908,0.245453204716873,0.251419760330725,0.257115126783514,0.262551630041147,0.267741035835358,0.272694575127214,0.277422968413269,0.281808576754918,0.285989594033193,0.290048052396,0.294646481859231,0.299528442093097,0.304085455816437,0.308443229781567,0.312603210031062,0.315774851129793,0.318872143183072,0.322063193231777,0.325073550897542,0.327881331581877,0.330700763630114,0.332977600583313,0.334534871443165,0.336481403639947,0.338064917958432,0.339414404480662,0.340628209051664,0.341273448620577,0.342137280458765,0.342784237497564,0.343462066646608,0.34415875475003,0.344605684396103,0.344964001793917,0.345519249868452,0.345676049187881,0.345813545770055,0.345528683078803,0.345360074306316,0.344982584423717,0.345057175897412,0.345152527388481,0.345941681203317,0.346581841956539,0.347420149466851,0.347984183606402,0.348533306981384,0.349057145358929,0.349602016714472,0.349916037569035,0.350148641292572,0.350007374027131,0.350177982197047,0.350270100671031,0.350407344772258,0.350503220206952,0.350579766862344,0.350637755457856,0.350801603392058,0.350977460525765
"V3",0,0,0,0,0.0220028947422705,0.0509596079928101,0.0786003106320285,0.104984700679055,0.130169879478408,0.154210353032083,0.177158149960163,0.199062934101651,0.219967461980969,0.239926495719536,0.258978361673215,0.27716429091609,0.294523641607836,0.308212014067233,0.320994879184524,0.333323926360643,0.345091596032542,0.356324407462937,0.367046670277884,0.377281589699813,0.387051316238074,0.39637699362718,0.405278804586276,0.413776014498778,0.421953027728622,0.430111708475749,0.437910382698953,0.445354583571064,0.452460434024229,0.459243312607567,0.465717898891018,0.471898205235409,0.477232265435765,0.482009991690008,0.486572305237681,0.490927243674865,0.49508424341653,0.499052301104289,0.502840004446086,0.50645555082529,0.509906765041549,0.513201116245289,0.51634573410252,0.519677054550103,0.522939007992586,0.525991615430541,0.529379429432182,0.532480124529198,0.535711121157029,0.538746808465923,0.541644836428093,0.543951988359914,0.546154742941957,0.548547659129925,0.550794497945931,0.552961420424167,0.554956555757822,0.556371650410452,0.557699190332336,0.559131066455653,0.560624142540208,0.562219061731254,0.563249472208413,0.564085640105053,0.564438231800594,0.564818771391903,0.56511920247422,0.565566940596656,0.565758189602749,0.566232818307974,0.566764907225115,0.567000481286169,0.567277155222024,0.56739837538181,0.567792169421793,0.56778178119104,0.567521496949861,0.566847347581567,0.566073273050834,0.564697977806992,0.563646062703914,0.5625666123692,0.56141769160556,0.560529246105163,0.559734779539805,0.55923025825137,0.558526725962259,0.557885515800968,0.557490172560604,0.557032910992455,0.556794886229598,0.55652501816362,0.556302693132999,0.5561867897895,0.556156817002063,0.556064172288092
"V4",0,-0.0262016098992496,-0.0512123161906337,-0.0750862472810969,-0.103348876985272,-0.132305666879294,-0.159946355013728,-0.186330731213949,-0.211515896795856,-0.235556357732837,-0.258504142617672,-0.280408915263299,-0.301316925370368,-0.321275790691049,-0.340327495053796,-0.358513270050098,-0.375872473506018,-0.392894679129462,-0.406820641493356,-0.419785863056934,-0.432160721860165,-0.443973124401964,-0.45524863501772,-0.466011656274064,-0.476285481603326,-0.486092345715385,-0.495453472718244,-0.504389122051439,-0.512735844290559,-0.51985333636285,-0.526623754999987,-0.533086442103596,-0.539255390105325,-0.545143949899602,-0.550764865563191,-0.556130301934896,-0.562508278744831,-0.56926045996719,-0.575707034451599,-0.58186060333233,-0.587734483011565,-0.593341385793997,-0.598693446191621,-0.603802247184133,-0.608678845286928,-0.613333794479712,-0.617777169047522,-0.621813907125776,-0.625676719203178,-0.629235253001389,-0.631174758257912,-0.632744612678275,-0.633968090283637,-0.635245090735469,-0.636461679161234,-0.637243211486317,-0.638087930345543,-0.638526781181538,-0.638983561111384,-0.639436784986382,-0.639781272419933,-0.639827206342959,-0.640163925526753,-0.640190485550843,-0.640293421931581,-0.640453257504694,-0.64093392836568,-0.641507328075635,-0.641943866028785,-0.642476419189845,-0.643644171944437,-0.644449024108613,-0.645490803645788,-0.646150262152141,-0.646590371382522,-0.647488476251542,-0.647866988510527,-0.648273849806477,-0.6479120354386,-0.647410477863867,-0.646212877131957,-0.644849664889068,-0.643354276287386,-0.641574580546615,-0.639710279582872,-0.638234137292196,-0.636994253630242,-0.635841247412593,-0.6344227059927,-0.633624647443517,-0.632371345435505,-0.631262544117268,-0.630847707337905,-0.630383865023836,-0.630214800418473,-0.630066358576725,-0.629909564693205,-0.629769532285986,-0.629673490549419,-0.629624124979203
"V5",0,0,0,0,0,0,0,0,0,0,0,0,0,0,0,0,0,0,-0.0165151414465695,-0.0344232461322715,-0.0515168617921076,-0.067833546229531,-0.0834086121770827,-0.0982757673397245,-0.112467187355176,-0.126013585428766,-0.138944278803237,-0.151287252207406,-0.162782821642365,-0.172005178228518,-0.180824089072406,-0.189242165096226,-0.197277626572358,-0.204947863922966,-0.212269477148219,-0.219258311752659,-0.226336351031872,-0.233282152536952,-0.23991865905111,-0.246253536462444,-0.252300483908741,-0.258072588261127,-0.263582341562388,-0.268841668072694,-0.273861950076187,-0.278654052514629,-0.283228346501408,-0.287264965869721,-0.29118575235942,-0.294880939084701,-0.297698377127435,-0.299946244544335,-0.301919298717963,-0.303867021747255,-0.305724661286234,-0.307687489518065,-0.30955523034203,-0.311225948975614,-0.312851062406687,-0.314460911581296,-0.316052412609406,-0.317772892171113,-0.319415280125947,-0.32078084798866,-0.321975546352694,-0.322917337011404,-0.323920651239536,-0.324876922318907,-0.325561431526293,-0.326179443807402,-0.327590699825986,-0.328663645871327,-0.329685480706058,-0.330399949227961,-0.330864545832321,-0.331424438117588,-0.331648887093271,-0.331759979046209,-0.331354378309774,-0.331198777243317,-0.331106911789614,-0.33117009402558,-0.331254351694114,-0.33163744374056,-0.331747093831064,-0.331814757816319,-0.332085855211294,-0.332200250177613,-0.332190298559262,-0.332212825821474,-0.332134742547183,-0.33175016525514,-0.331555870264916,-0.331222714076087,-0.330769139645955,-0.330329180746392,-0.329868735106822,-0.329371266386457,-0.328741087560623,-0.328136499757591
"V6",0,0,0,0,0,0,0,0,0,0,0,0,0,0,0,0,0,0,0,0,0,0,0,0,0,0,0,0,-0.000937786986207889,-0.0069873924656535,-0.0127656075570961,-0.0182811939681854,-0.0235460884641471,-0.0285716853797547,-0.0333688611593523,-0.0379479978961027,-0.0438154331340607,-0.0502165125078908,-0.0563206139340064,-0.0621472780239456,-0.0677091112343022,-0.073018150541458,-0.0780858858184606,-0.0829232847058942,-0.0875408163481516,-0.0919484740508556,-0.0961557969084654,-0.0995920141597777,-0.102797887133686,-0.105832178569316,-0.108427901108404,-0.110926557264697,-0.113477708154628,-0.115951482689931,-0.118311631845954,-0.120149051324449,-0.12196984171689,-0.123865934265741,-0.125669601119936,-0.127374594204458,-0.128995708693493,-0.130173214364357,-0.131336515754307,-0.132440759064735,-0.133313805734807,-0.13404745015273,-0.134481856885251,-0.134765951727154,-0.135033417150997,-0.135178764835663,-0.135444115090163,-0.135680141635837,-0.135881694402325,-0.136239058514646,-0.136644653707465,-0.137013386583061,-0.13751436647753,-0.137962385853216,-0.137882361786892,-0.137765727436096,-0.13761650763699,-0.13759122456839,-0.137396374834005,-0.137466245670733,-0.137460427455653,-0.137538416325592,-0.137627422124604,-0.137619186655408,-0.137412373721582,-0.137368709813241,-0.137294721860832,-0.137375705141558,-0.137806727543726,-0.138249642651085,-0.138776232361022,-0.139328351148735,-0.139919440243537,-0.140487553348461,-0.140990114189106,-0.141471344832289
"V7",0,0,0,0,0,0,0,0,0,0,0,0,0,0,0,0,0,0,0,0,0,0,0,0,0,0,0,0,0,0,0,0,0,0,0,0,0,0,0,0,0,0,0,0,0,0,0,0,0,0,0,0,0,0,0,0,0,0,0,0,0,0,0,0,0,0,0,0,0,0.000477312111490848,0.000718020687153185,0.000966319083397827,0.00108849402789434,0.000979039198416649,0.000592117263831887,0.000236760504811379,0,0,0,0,0,0,0,0,0,0,0,0.000425794257256421,0.00101113262788106,0.00151921279670346,0.00191570376488266,0.00258414527173992,0.00322015803525849,0.00413173834594737,0.00514156967082043,0.00618419175259324,0.00725062626658113,0.0083234670293355,0.00942812526542944,0.0105268319436575
"V8",0,0,0,0,0,0,0,0,0,0,0,0,0,0,0,0,0,0,0,0,0,0,0,0,0,0,0,0,0,0,0,0,0,0,0,0,0,0,0,0,0,0,0,0,0,0,0,0,0,0,0,0,0,0,0,0,0,0,0,0,0,0,0,0,0,0,0,0,0,0,0,0,0,0,0,0,0,0,0,0,0,0,0,0,0,0,0,0,0,0,0,0,0,0,0,0,0,0,0,0
"V9",0,0,0,0,0,0,0,0,0,0,0,0,0,0,0,0,0,0,0,0,0,0,0,0,0,0,0,0,0,0,0,0,0,0,0,0,0,0,0,0,0,0,0,0,0,0,0,0,0,0,0,0,0,0,0,0,0,0,0,0,0,0,0,0,0,0,0,0,0,0,0,0,0,0,0,0,0,0,0,0,0,0,0,0,0,0,0,0,0,0,0,0,0,0,0,0,0,0,0,0
"V10",0,0,0,0,0,0,0,0,0,0,0,0,0,0,0,0,0,0,0,0,0,0,0,0,0,0,0,0,0,0,0,0,0,0,0,0,0,0,0,0,0,0,0,0,0,0,0,0,0,0,0,0,0,0,0,0,0,0,0,0,0,0,0,0,0,0,0,0,0,0,0,0,0,0,0,0,0,0,0,0,0,0,0,0,0,0,0,0,0,0,0,0,0,0,0,0,0,0,0,0
"V11",0,0,0,0,0,0,0,0,0,0,0,0,0,0,0,0,0,0,0,0,0,0,0,0,0,0,0,0,0,0,0,0,0,0,0,0,0,0,0,0,0,0,0,0,0,0,0,0,0,0,0,0,0,0,0,0,0,0,0,0,0,0,0,0,0,0,0,0,0,0,0,0,0,0,0,0,0,0,0,0,0,0,0,0,0,0,0,0,0,0,0,0,0,0,0,0,0,0,0,0
"V12",0,0,0,0,0,0,0,0,0,0,0,0,0,0,0,0,0,0,0,0,0,0,0,0,0,0,0,0,0,0,0,0,0,0,0,0,0,0,0,0,0,0,0,0,0,0,0,0,0,0,0,0,0,0,0,0,0,0,0,0,0,0,0,0,0,0,0,0,0,0,0,0,0,0,0,0,0,0,0,0,0,0,0,0,0,0,0,0,0,0,0,0,0,0,0,0,0,0,0,0
"V13",0,0,0,0,0,0,0,0,0,0,0,0,0,0,0,0,0,0,0,0,0,0,0,0,0,0,0,0,0,0,0,0,0,0,0,0,0,0,0,0,0,0,0,0,0,0,0,0,0,0,0,0,0,0,0,0,0,0,0,0,0,0,0,0,0,0,0,0,0,0,0,0,0,0,0,0,0,0,0,0,0,0,0,0,0,0,0,0,0,0,0,0,0,0,0,0,0,0,0,0
"V14",0,0,0,0,0,0,0,0,0,0,0,0,0,0,0,0,0,0,0,0,0,0,0,0,0,0,0,0,0,0,0,0,0,0,0,0,0,0,0,0,0,0,0,0,0,0,0,0,0,0,0,0,0,0,0,0,0,0,0,0,0,0,0,0,0,0,0,0,0,0,0,0,0,0,0,0,0,0,0,0,0,0,0,0,0,0,0,0,0,0,0,0,0,0,0,0,0,0,0,0
"V15",0,0,0,0,0,0,0,0,0,0,0,0,0,0,0,0,0,0,0,0,0,0,0,0,0,0,0,0,0,0,0,0,0,0,0,0,0,0,0,0,0,0,0,0,0,0,0,0,0,0,0,0,0,0,0,0,0,0,0,0,0,0,0,0,0,0,0,0,0,0,0,0,0,0,0,0,0,0,0,0,0,0,0,0,0,0,0,0,0,0,0,0,0,0,0,0,0,0,0,0
"V16",0,0,0,0,0,0,0,0,0,0,0,0,0,0,0,0,0,0,0,0,0,0,0,0,0,0,0,0,0,0,0,0,0,0,0,0,0,0,0,0,0,0,0,0,0,0,0,0,0,0,0,0,0,0,0,0,0,0,0,0,0,0,0,0,-0.000262931292087674,-0.000988639330040467,-0.00183983458370827,-0.00262472098450953,-0.0033222761669471,-0.00409627184801641,-0.00496505982654821,-0.00579802647320776,-0.00656229871476611,-0.00722990295195104,-0.00795491597993856,-0.00864716996946534,-0.00932752366934375,-0.00985598019508241,-0.0104793633059709,-0.0111640078394633,-0.0113987690586449,-0.0116593087916937,-0.0120767039902021,-0.0120727475724779,-0.0121630304928676,-0.012277419355554,-0.0123818574301212,-0.0126401217811361,-0.0128827285409899,-0.0132452190656533,-0.0135576410426228,-0.0139006864088995,-0.0141863779311763,-0.0145891042001225,-0.0150385833676417,-0.0154191842526393,-0.0158118438622645,-0.0162106602706071,-0.0165836104096104,-0.01695343709047
"V17",0,0,0,0,0,0,0,0,0,0,0,0,0,0,0,0,0,0,0,0,0,0,0,0,0,0,0,0,0,0,0,0,0,0,0,0,0,0,0,0,0,0,0,0,0,0,0,0,0,0,0,0,0,0,0.000121022150165594,0.00213169081544111,0.00403166790663517,0.00574611983673813,0.00737339800325202,0.00894589025378999,0.0103289050824304,0.0113917866596266,0.0126506861995672,0.0136010441995856,0.014369532190677,0.0150053890024972,0.0154862075036298,0.0160375111870664,0.0161059267718659,0.0161471443195003,0.0158587576677802,0.0156500755633229,0.0156962558179262,0.0155834281571828,0.0152192523560896,0.0150126646575332,0.0142601875103742,0.0136439283099807,0.0131971936313558,0.0126654814886102,0.0126954985124156,0.0127533734004235,0.013029992805262,0.0129054654592088,0.0128061789725879,0.0127136767389117,0.0127932935564136,0.0128264723656743,0.0128734859772641,0.0129886878598854,0.0130000905486583,0.0127799151510021,0.0127623008220128,0.0126715835644861,0.0124233846513035,0.0120866910990852,0.0117319624350517,0.0113783183774586,0.0110608603625277,0.0107597629550706
"V18",0,0,0,0,0,0,0,0,0,0,0,0,0,0,0,0,0,0,0,0,0,0,0,0,0,0,0,0,0,0,0,0,0,0,0,0,0,0,0,0,0,0,0,0,0,0,0,0,0,0,0,0,0,0,0,0,0,0,0,0,0,0,0,0,0,0,0,0,0,0,0,0,0,0,0,0,0,0,0,0,0,0,0,0,0,0,0,0,0,0,0,0,0,0,0,0,0,0,0,0
"V19",0,0,0,0,0,0,0,0,0,0,0,0,0,0,0,0,0,0,0,0,0,0,0,0,0,0,0,0,0,0,0,0,0,0,0,0,0,0,0,0,0,0,0,0,0,0,0,0,0,0,0,0,0,0,0,0,0,0,0,0,0,0,0,0,0,0,0,0,0,0,0,0,0,0,0,0,0,0,0,0,0,0,0,0,0,0,0,0,0,0,0,0,0,0,0,0,0,0,0,0
"V20",0,0,0,0,0,0,0,0,0,0,0,0,0,0,0,0,0,0,0,0,0,0,0,0,0,0,0,0,0,0,0,0,0,0,0,0,0,0,0,0,0,0,0,0,0,0,0,0,0,0,0,0,0,0,0,0,0,0,0,0,0,0,0,0,0,0,0,0,0,0,0,0,0,0,0,0,0,0,0,0,0,0,0,0,0,0,0,0,0,0,0,0,0,0,0,0,0,0,0,0
"V21",0,0,0,0,0,0,0,0,0,0,0,0,0,0,0,0,0,0,0,0,0,0,0,0,0,0,0,0,0,0,0,0,0,0,0,0,0,0,0,0,0,0,0,0,0,0,0,0,0,0,0,0,0,0,0,0,0,0,0,0,0,0,0,0,0,0,0,0,0,0,0,0,0,0,0,0,0,0,0,0,0,0,0,0,0,0,0,0,0,0,0,0,0,0,0,0,0,0,0,0
"V22",0,0,0,0,0,0,0,0,0,0,0,0,0,0,0,0,0,0,0,0,0,0,0,0,0,0,0,0,0,0,0,0,0,0,0,0,0,0,0,0,0,0,0,0,0,0,0,0,0,0,0,0,0,0,0,0,0,0,0,0,0,0,0,0,0,0,0,0,0,0,0,0,0,0,0,0,0,0,0,0,0,0,0,0,0,0,0,0,0,0,0,0,0,0,0,0,0,0,0,0
"V23",0,0,0,0,0,0,0,0,0,0,0,0,0,0,0,0,0,0,0,0,0,0,0,0,0,0,0,0,0,0,0,0,0,0,0,0,0,0,0,0,0,0,0,0,0,0,0,0,0,0,0,0,0,0,0,0,0,0,0,0,0,0,0,0,0,0,0,0,0,0,0,0,0,0,0,0,0,0,0,0,0,0,0,0,0,0,0,0,0,0,0,0,0,0,0,0,0,0,0,0
"V24",0,0,0,0,0,0,0,0,0,0,0,0,0,0,0,0,0,0,0,0,0,0,0,0,0,0,0,0,0,0,0,0,0,0,0,0,0,0,0,0,0,0,0,0,0,0,0,0,0,0,0,0,0,0,0,0,0,0,0,0,0,0,0,0,0,0,0,0,0,0,0,0,0,0,0,0,0,0,0,0,0,0,0,0,0,0,0,0,0,0,0,0,0,0,0,0,0,0,0,0
"V25",0,0,0,0,0,0,0,0,0,0,0,0,0,0,0,0,0,0,0,0,0,0,0,0,0,0,0,0,0,0,0,0,0,0,0,0,0,0,0,0,0,0,0,0,0,0,0,0,0,0,0,0,0,0,0,0,0,0,0,0,0,0,0,0,0,0,0,0,0,0,0,0,0,0,0,0,0,0,0,0,0,0,0,0,0,0,0,0,0,0,0,0,0,0,0,0,0,-5.49528261696358e-05,-0.000420025214626817,-0.000778248837605454
"V26",0,0,0,0,0,0,0,0,0,0,0,0,0,0,0,0,0,0,0,0,0,0,0,0,0,0,0,0,0,0,0,0,0,0,0,0,0,0,0,0,0,0,0,0,0,0,0,0,0,0,0,0,0,0,0,0,0,0,0,0,0,0,0,0,0,0,0,0,0,0,0,0,0,0,0,0,0,0,0,0,0,0,0,0,0,0,0,0,0,0,0,0,0,0,0,0,0,0,0,0
"V27",0,0,0,0,0,0,0,0,0,0,0,0,0,0,0,0,0,0,0,0,0,0,0,0,0,0,0,0,0,0,0,0,0,0,0,0,0,0,0,0,0,0,0,0,0,0,0,0,0,-0.000536227762698176,-0.0018349536289447,-0.00264831247811844,-0.00322108246603255,-0.00378149633566782,-0.00433549073810278,-0.00551272026390764,-0.00655813522028897,-0.00761738874802517,-0.0086638531008544,-0.00969359434851984,-0.0106464453811555,-0.012054657429494,-0.0133782261354734,-0.0145478845404268,-0.0158009613805368,-0.0170017827366091,-0.0176043019653532,-0.0179857904855676,-0.0183310818136455,-0.0186929815320275,-0.0188465351190711,-0.0190817712536286,-0.0195101664802953,-0.0192969725234301,-0.019057299935295,-0.0189426739577903,-0.0187479835162933,-0.0187228810042426,-0.018656993414761,-0.0186377956615764,-0.0186930563084645,-0.0189570719041965,-0.0194923211676005,-0.019937944227761,-0.0202436629808217,-0.0205835758379393,-0.0210517674527934,-0.0212869788437697,-0.0216421630479541,-0.0219332829524797,-0.0221505289902371,-0.0220036244291533,-0.0217491115023931,-0.0212354893772401,-0.0209375592364565,-0.0207003959049288,-0.0204835954272643,-0.0203042872884808,-0.0200719402445715,-0.0198201536522397
"V28",0,0,0,0,0,0,0,0,0,0,0,0,0,0,0,0,0,0,0,0,0,0,0,0,0,0,0,0,0,0,0,0,0,0,0,0,0,0,0,0,0,0,0,0,0,0,0,0,0,0,0,0,0,0,0,0,0,0,0,0,0,0,0,0,0,0,0,0,0,0,0,0,0,0,0,0,0,0,0,0,0,0,0,0,0,0,0,0,0,0,0,0,0,0,0,0,0,0,0,0
"V29",0,0,0,0,0,0,0,0,0,0,0,0,0,0,0,0,0,0,0,0,0,0,0,0,0,0,0,0,0,0,0,0,0,0,0,0,0,0,0,0,0,0,0,0,0,0,0,0,0,0,0,0,0,0,0,0,0,0,0,0,0,0,0,0,0,0,0,0,0,0,0,0,0,0,0,0,0,0,0,0,0,0,0,0,0,0,0,0,0,0,0,0,0,0,0,0,0,0,0,-7.30050232558045e-06
"V30",0,0,0,0,0,0,0,0,0,0,0,0,0,0,0,0,0,0,0,0,0,0,0,0,0,0,0,0,0,0,0,0,0,0,0,0,0,0,0,0,0,0,0,0,0,0,0,0,0,0,0,0,0,0,0,0,0,0,0,0,0,0,0,0,0,0,0,0,0,0,0,0,0,0,0.000834360749758935,0.00186765989615236,0.00307606862601068,0.00421326983018265,0.00472085045190707,0.00530876900198058,0.00581959409803659,0.00632518850173647,0.00673225598519089,0.00735822589499101,0.00783009987071575,0.00826925906284888,0.00855527137095857,0.00864826032204016,0.00854136012447492,0.00848986409902949,0.00848452522221854,0.00848666248585517,0.0083122237628364,0.00813743516501058,0.00812695835218407,0.00812730912662209,0.00808252204893569,0.00801244366684489,0.0079749143305979,0.00797227857992967
"V31",0,0,0,0,0,0,0,0,0,0,0,0,0,0,0,0,0,0,0,0,0,0,0,0,0,0,0,0,0,0,0,0,0,0,0,0,0,0,0,0,0,0,0,0,0,0,0,0,0,0,0,0,0,0,0,0,0,0,0,0,0,0,0,0,0,0,0,0,0,0,0,0,0,0,0,0,0,0,0,0,0,0,0,0,0,0,0,0,0,0,0,0,0,0,0,0,0,0,0,0
"V32",0,0,0,0,0,0,0,0,0,0,0,0,0,0,0,0,0,0,0,0,0,0,0,0,0,0,0,0,0,0,0,0,0,0,0,0,0,0,0,0,0,0,0,0,0,0,0,0,0,0,0,0,0,0,0,0,0,0,0,0,0,0,0,0,0,0,0,0,0,0,0,0,0,0,0,0,0,0,0,0,0,0,0,0,0,0,0,0,0,0,0,0,0,0,0,0,0,0,0,0
"V33",0,0,0,0,0,0,0,0,0,0,0,0,0,0,0,0,0,0,0,0,0,0,0,0,0,0,0,0,0,0,0,0,0,0,0,0,0,0,0,0,0,0,0,0,0,0,0,0,0,0,0,0,0,0,0,0,0,0,0,0,0,0,0,0,0,0,0,0,0,0,0,0,0,0,0,0,0,0,0,0,0,0,0,0,0,0,0,0,0,0,0,0,0,0,0,0,0,0,0,0
"V34",0,0,0,0,0,0,0,0,0,0,0,0,0,0,0,0,0,0,0,0,0,0,0,0,0,0,0,0,0,0,0,0,0,0,0,0,0,0,0,0,0,0,0,0,0,0,0,0,0,0,0,0,0,0,0,0,0,0,0,0,0,0,0,0,0,0,0,0,0,0,0,0,0,0,0,0,0,0,0,0,0,0,0,0,0,0,0,0,0,0,0,0,0,0,0,0,0,0,0,0
"V35",0,0,0,0,0,0,0,0,0,0,0,0,0,0,0,0,0,0,0,0,0,0,0,0,0,0,0,0,0,0,0,0,0,0,0,0,0,0,0,0,0,0,0,0,0,0,0,0,0,0,0,0,0,0,0,0,0,0,0,0,0,0,0,0,0,0,0,0,0,0,0,0,0,0,0,0,0,0,0,0,0,0,0,0,0,0,0,0,0,0,0,0,0,0,0,0,0,0,0,0
"V36",0,0,0,0,0,0,0,0,0,0,0,0,0,0,0,0,0,0,0,0,0,0,0,0,0,0,0,0,0,0,0,0,0,0,0,0,0,0,0,0,0,0,0,0,0,0,0,0,0,0,0,0,0,0,0,0,0,0,0,0,0,0,0,0,0,0,0,0,0,0,0,0,0,0,0,0,0,0.000259578679727309,0.00132521695558636,0.00230712722976849,0.0029898515268589,0.00363898353406598,0.00422508737538314,0.00430320103111654,0.00459297858609149,0.00490278210204119,0.00517569758943053,0.00567843323074502,0.00632600854530339,0.00694824367071392,0.0074934530779906,0.00855563356454694,0.00912009237026644,0.0098434050782418,0.0107295330802337,0.0116316026526031,0.0125404029932947,0.0133983477490795,0.0140834230267601,0.0146725730975272
"V37",0,0,0,0,0,0,0,0,0,0,0,0,0,0,0,0,0,0,0,0,0,0,0,0,0,0,0,0,0,0,0,0,0,0,0,0,0,0,0,0,0,0,0,0,0,0,0,0,0,0,0,0,0,0,0,0,0,0,0,0,0,0,0,0,0,0,0,0,0,0,0,0,0,0,0,0,0,0,0,0,0,0,0,0,0,0,0,0,0,0,0,0,0,0,0,0,0,0,0,0
"V38",0,0,0,0,0,0,0,0,0,0,0,0,0,0,0,0,0,0,0,0,0,0,0,0,0,0,0,0,0,0,0,0,0,0,0,0,0,0,0,0,0,0,0,0,0,0,0,0,0,0,0,0,0,0,0,0,0,0,0,0,0,0,0,0,0,0,0,0,0,0,0,0,0,0,0,0,0,0,0,0,0,0,0.000287607042267511,0.00225216968059052,0.00368903536728017,0.00494621522040035,0.00578521320832013,0.00671693094815216,0.00755919317427103,0.00822000964666443,0.00881156458530749,0.00918125000116685,0.00941014341656879,0.00959286866972812,0.00992622452878244,0.0103382310586274,0.0107679412638616,0.0112023357238542,0.0117352121840557,0.0123414657151913
"V39",0,0,0,0,0,0,0,0,0,0,0,0,0,0,0,0,0,0,0,0,0,0,0,0,0,0,0,0,0,0,0,0,0,0,0,0,0,0,0,0,0,0,0,0,0,0,0,0,0,0,0,0,0,0,0,0,0,0,0,0,0,0,0,0,0,0,0,0,0,0,0,0,0,0,0,0,0,0,0,0,0,0,0,0,0,0,0,0,0,0,0,0,0,0,0,0,0,0,0,0
"V40",0,0,0,0,0,0,0,0,0,0,0,0,0,0,0,0,0,0,0,0,0,0,0,0,0,0,0,0,0,0,0,0,0,0,0,0,0,0,0,0,0,0,0,0,0,0,0,0,0,0,0,0,0,0,0,0,0,0,0,0,0,0,0,0,0,0,0,0,0,0,0,0,0,0,0,0,0,-0.000439143397145972,-0.00203328508543176,-0.00364600970004037,-0.00539950403462953,-0.00726170536069851,-0.00961675302559068,-0.0117546578577827,-0.0138604461380042,-0.0156717927021863,-0.0171552851645625,-0.0185664411938342,-0.0200320163064003,-0.0210866406806658,-0.0222620512911509,-0.023061889672933,-0.0233321490596615,-0.0235125847282381,-0.0237736626972144,-0.0240350920071483,-0.0242251445219545,-0.0243684981099748,-0.0245020274762453,-0.024669970526193
"V41",0,0,0,0,0,0,0,0,0,0,0,0,0,0,0,0,0,0,0,0,0,0,0,0,0,0,0,0,0,0,0,0,0,0,0,0,0,0,0,0,0,0,0,0,0,0,0,0,0,0,0,0,0,0,0,0,0,0,0,0,0,0,0,0,0,0,0,0,0,0,0,0,0,0,0,0,0,0,0,0,0,0,0,0,-7.28377007704582e-06,-0.000180052527301678,-0.00016711315358325,-0.000349068931988184,-0.000565868253726483,-0.000771289536847811,-0.000934007276229668,-0.00144952602704429,-0.00197404763841321,-0.0025880768056753,-0.0030800430121002,-0.00361958846129958,-0.00412753661299753,-0.00461628863442399,-0.00508242810174607,-0.00555573593126174
"V42",0,0,0,0,0,0,0,0,0,0,0,0,0,0,0,0,0,0,0,0,0,0,0,0,0,0,0,0,0,0,0,0,0,0,0,0,0,0,0,0,0,0,0,0,0,0,0,0,0,0,0,0,0,0,0,0,0,0,0,0,0,0,0,0,0,0,0,0,0,0,0,0,0,0,0,0,0,0,0,0,0,0,0,0,0,0,0,0,0,0,0,0,0,0,0,0,0,0,0,0
"V43",0,0,0,0,0,0,0,0,0,0,0,0,0,0,0,0,0,0,0,0,0,0,0,0,0,0,0,0,0,0,0,0,0,0,0,0,0,0,0,0,0,0,0,0,0,0,0,0,0,0,0,0,0,0,0,0,0,0,0,0,0,0,0,0,0,0,0,0,0,0,0,0,0,0,0,0,0,0,0,0,0,0,0,0,0,0,0,5.19970549093668e-05,0.000507792270420086,0.000879921337749765,0.00132377859372496,0.00134299227015324,0.0012164234137896,0.000827226129622732,0.000448011075899931,1.96413221178055e-05,0,0,0,0
"V44",0,0,0,0,0,0,0,0,0,0,0,0,0,0,0,0,0,0,0,0,0,0,0,0,0,0,0,0,0,0,0,0,0,0,0,0,0,0,0,0,0,0,0,0,0,0,0,0,0,0,0,0,0,0,0,0,0,0,0,0,0,0,0,0,0,0,0,0,0,0,0,0,0,0,0,0,0,0,0,0,0,0,0,0,0,0,0,0,0,0,0,0,0,0,0,0,0,0,0,0
"V45",0,0,0,0,0,0,0,0,0,0,0,0,0,0,0,0,0,0,0,0,0,0,0,0,0,0,0,0,0,0,0,0,0,0,0,0,0,0,0,0,0,0,0,0,0,0,0,0,0,0,0,0,0,0,0,0,0,0,0,0,0,0,0,0,0,0,0,0,0,0,0,0,0,0,0,0,0,0,0,0,0,0,0,0,0,0,0,0,0,0,0,0,0,0,0,0,0,0,0,0
"V46",0,0,0,0,0,0,0,0,0,0,0,0,0,0,0,0,0,0,0,0,0,0,0,0,0,0,0,0,0,0,0,0,0,0,0,0,0,0,0,0,0,0,0,0,0,0,0,0,0,0,0,0,0,0,0,0,0,0,0,0,0,0,0,0,0,0,0,0,0,0,0,0,0,0,0,0,0,0,0,0,0,0,0,0,0,0,0,0,0,0,0,0,0,0,0,0,0,0,0,0
"V47",0,0,0,0,0,0,0,0,0,0,0,0,0,0,0,0,0,0,0,0,0,0,0,0,0,0,0,0,0,0,0,0,0,0,0,0,0,0,0,0,0,0,0,0,0,0,0,0,0,0,0,0,0,0,0,0,0,0,0,0,0,0,0,0,0,0,0,0,0,0,0,0,0,0,0,0,0,0,0,0,0,0,0,0,0,0,0,0,0,0,0,0,0,0,0,0,0,0,0,0
"V48",0,0,0,0,0,0,0,0,0,0,0,0,0,0,0,0,0,0,0,0,0,0,0,0,0,0,0,0,0,0,0,0,0,0,0,0,0,0,0,0,0,0,0,0,0,0,0,0,0,0,0,0,0,0,0,0,0,0,0,0,0,0,0,0,0,0,0,0,0,0,0,0,0,0,0,0,0,0,0,0,0,0,0,0,0,0,0,0,0,0,0,0,0,0,0,0,0,0,0,0
"V49",0,0,0,0,0,0,0,0,0,0,0,0,0,0,0,0,0,0,0,0,0,0,0,0,0,0,0,0,0,0,0,0,0,0,0,0,0,0,0,0,0,0,0,0,0,0,0,0,0,0,0,0,0,0,0,0,0,0,0,0,0,0,0,0,0,0,0,0,0,0,0,0,0,0,0,0,0,0,0,0,0,0,0,0,0,0,0,0,0,0,0,0,0,0,0,0,0,0,0,0
"V50",0,0,0,0,0,0,0,0,0,0,0,0,0,0,0,0,0,0,0,0,0,0,0,0,0,0,0,0,0,0,0,0,0,0,0,0,0,0,0,0,0,0,0,0,0,0,0,-0.00212653350382241,-0.00436121852222836,-0.00638338740219856,-0.0077685909806238,-0.00872830657007106,-0.00969465299986351,-0.0106218080380682,-0.0115281694766083,-0.0126419193019481,-0.0136588275594659,-0.0139404186349106,-0.0142342080757544,-0.0146210919870898,-0.014528346482089,-0.0145503477034211,-0.0145922765004144,-0.0142863090376527,-0.0139426234837927,-0.0136140840013229,-0.0136369160056274,-0.014166766843701,-0.0148778570128792,-0.0151839600451294,-0.0154950166012663,-0.015635826778103,-0.0154197412633956,-0.015009993855926,-0.0143833611442019,-0.0140412847813128,-0.0132813143772563,-0.0121219164711473,-0.0113574997017769,-0.0105261153768738,-0.0088593881347731,-0.00700953175507002,-0.00591431799827926,-0.0045008296437639,-0.00303807855990609,-0.00176584379833275,-0.000295621771413573,0,0,0,0,0,0,0,0,0,0,0,0,0
"V51",0,0,0,0,0,0,0,0,0,0,0,0,0,0,0,0,0,0,0,0,0,0,0,0,0,0,0,0,0,0,0,0,0,0,0,0,0,0,0,0,0,0,0,0,0,0,0,0,0,0,0,0,0,0,0,0,0,0,0,0,0,0,0,0,0,0,0,0,0,0,0,0,0,0,0,0,0,0,0,0,0,0,0,0,0,0,0,0,0,0,0,0,0,0,0,0,0,0,0,0
"V52",0,0,0,0,0,0,0,0,0,0,0,0,0,0,0,0,0,0,0,0,0,0,0,0,0,0,0,0,0,0,0,0,0,0,0,0,0,0,0,0,0,0,0,0,0,0,0,0,0,0,0,0,0,0,0,0,0,0,0,0,0,-1.36715143930558e-05,-0.00116133784894278,-0.00223197046268932,-0.00340132080377857,-0.00445923603643455,-0.00557420537325831,-0.00675846465703702,-0.00780348545313556,-0.00881536933803807,-0.0100062214303477,-0.0110397191895494,-0.0119769026950322,-0.012611500409287,-0.0130988882261001,-0.0137764807647404,-0.014322915966287,-0.0150093233016516,-0.0158420183150985,-0.0169421267419456,-0.0184447561744335,-0.0199153685529383,-0.0212967799224331,-0.0226785198099964,-0.0240174501296374,-0.0252772918957629,-0.0266802053022062,-0.0277207553530978,-0.0287976155111975,-0.0297001925105654,-0.0307732836972171,-0.0317586310521381,-0.0325900813879603,-0.033624046533088,-0.034304648819875,-0.0349516851723254,-0.0355656200877206,-0.0360513966664828,-0.0364685918098267,-0.0368877814375182
"V53",0,0,0,0,0,0,0,0,0,0,0,0,0,0,0,0,0,0,0,0,0,0,0,0,0,0,0,0,0,0,0,0,0,0,0,0,0,0,0,0,0,0,0,0,0,0,0,0,0,0,0,0,0,0,0,0,0,0,0,0,0,0,0,0,0,0,0,0,0,0,0,0,0,0,0,0,0,0,0,0,0,0,0,0,0,0,0,0,0,0,0,0,0,0,0,0,0,0,0,0
"V54",0,0,0,0,0,0,0,0,0,0,0,0,0,0,0,0,0,0,0,0,0,0,0,0,0,0,0,0,0,0,0,0,0,0,0,0,0,0,0,0,0,0,0,0,0,0,0,0,0,0,0,0,0,0,0,0,0,0,0,0,0,0,0,0,0,0,0,0,0,0,0,0,0,0,0,0,0,0,0,0,0,0,0,0,0,0,0,0,0,0,0,0,0,0,0,0,0,0,0,0
"V55",0,0,0,0,0,0,0,0,0,0,0,0,0,0,0,0,0,0,0,0,0,0,0,0,0,0,0,0,0,0,0,0,0,0,0,0,0,0,0,0,0,0,0,0,0,0,0,0,0,0,0,0,0,0,0,0,0,0,0,0,0,0,0,0,0,0,0,0,0,0,0,0,0,0,0,0,0,0,0,0,0,0,0,0,0,0,0,0,0,0,0,0,0,0,0,0,0,0,0,0
"V56",0,0,0,0,0,0,0,0,0,0,0,0,0,0,0,0,0,0,0,0,0,0,0,0,0,0,0,0,0,0,0,0,0,0,0,0,0,0,0,0,0,0,0,0,0,0,0,0,0,0,0,0,0,0,0,0,0,0,0,0,0,0,0,0,0,0,0,0,0,0,0,0,0,0,0,0,0,0,0,0,0,0,0,0,0,0,0,0,0,0,0,0,0,0,0,0,0,0,0,0
"V57",0,0,0,0,0,0,0,0,0,0,0,0,0,0,0,0,0,0,0,0,0,0,0,0,0,0,0,0,0,0,0,0,0,0,0,0,0,0,0,0,0,0,0,0,0,0,0,0,0,0,0,0,0,0,0,0,0,0,0,0,0,0,0,0,0,0,0,0,-0.000669326321493208,-0.00235520279034923,-0.00394198677197499,-0.00545912239612775,-0.00685475490060823,-0.00862461192625715,-0.0103341226326697,-0.0118382713269627,-0.0135068202239699,-0.0151494772952472,-0.0169931117310015,-0.0191980265688353,-0.0217930046001277,-0.0243977590800355,-0.0264093511365908,-0.0280385922579101,-0.0297113538975775,-0.0312775418584607,-0.0325354195023427,-0.0336446940142752,-0.0345743943331785,-0.0354479861277105,-0.0361975602222157,-0.0367390355096693,-0.0373247845139269,-0.0377543114780688,-0.0378893414304128,-0.0378451778916523,-0.0377052251497766,-0.0374742844226674,-0.0372349712159941,-0.0369567591990965
"V58",0,0,0,0,0,0,0,0,0,0,0,0,0,0,0,0,0,0,0,0,0,0,0,0,0,0,0,0,0,0,0,0,0,0,0,0,0,0,0,0,0,0,0,0,0,0,0,0,0,0,0,0,0,0,0,0,0,0,0,0,0,0,0,0,0,0,0,0,0,0,0,0,0,0,0,0,0,0,0,0,0,0,0,0,0,0,0,0,0,0,0,0,0,0,0,0,0,0,0,0
"V59",0,0,0,0,0,0,0,0,0,0,0,0,0,0,0,0,0,0,0,0,0,0,0,0,0,0,0,0,0,0,0,0,0,0,0,0,0,0,0,0,0,0,0,0,0,0,0,0,0,0,0,0,0,0,0,0,0,0,0,0,0,0,0,0,0,0,0,0,0,0,0,0,0,-0.000117552894047749,-0.000767416435601444,-0.00111058135626843,-0.00142629691115716,-0.00154662086233664,-0.00116211944599737,-0.00100325105966556,-0.00100707415665502,-0.00132375442826341,-0.00201548885606103,-0.00233574275218705,-0.00258059238379323,-0.0027486594050868,-0.00292735836983674,-0.00306697296701872,-0.00308793458461993,-0.00308461538495348,-0.00299361807122204,-0.00286695222648269,-0.00257357206763301,-0.00203736098730704,-0.00186594454426669,-0.00174176970808108,-0.00170597090359341,-0.00163824008373732,-0.0015015179894553,-0.00133812594519753
"V60",0,0,0,0,0,0,0,0,0,0,0,0,0,0,0,0,0,0,0,0,0,0,0,0,0,0,0,0,0,0,0,0,0,0,0,0,0,0,0,0,0,0,0,0,0,0,0,0,0,0,0,0,0,0,0,0,0,0,0,0,0,0,0,0,0,0,0,0,0,0,0,0,0,0,0,0,0,0,0,0,0,0,0,0,0,0,0,0,0,0,8.47196016111555e-05,0.000932035600082678,0.00149680765866464,0.00220306245260716,0.00291725408334615,0.00373711238619458,0.00454478476480665,0.00533398982315102,0.00604472277129287,0.00673804380408335
"V61",0,0,0,0,0,0,0,0,0,0,0,0,0,0,0,0,0,0,0,0,0,0,0,0,0,0,0,0,0,0,0,0,0,0,0,0,0,0,0,0,0,0,0,0,0,0,0,0,0,0,0,0,0,0,0,0,0,0,0,0,0,0,0,0,0,0,0,0,0,0,0,0,0,0,0,0,0,0,0,0,0,0,0,0,0,0,0,0,0,0,0,0,0,0,0,0,0,0,0,0
"V62",0,0,0,0,0,0,0,0,0,0,0,0,0,0,0,0,0,0,0,0,0,0,0,0,0,0,0,0,0,0,0,0,0,0,0,0,0,0,0,0,0,0,0,0,0,0,0,0,0,0,0,0,0,0,0,0,0,0,0,0,0,0,0,0,0,0,0,0,0,0,0,0,0,0,0,0,0,0,0,0,0,0,0,0,0,0,0,0,0,0,0,0,0,0,0,0,0,0,0,0
"V63",0,0,0,0,0,0,0,0,0,0,0,0,0,0,0,0,0,0,0,0,0,0,0,0,0,0,0,0,0,0,0,0,0,0,0,0,0,0,0,0,0,0,0,0,0,0,0,0,0,0,0,0,0,0,0,0,0,0,0,0,0,0,0,0,0,0,0,0,0,0,0,0,0,0,0,0,0,0,0,0,0,0,0,0,0,0,0,0,0,0,0,0,0,0,0,0,0,0,0,0
"V64",0,0,0,0,0,0,0,0,0,0,0,0,0,0,0,0,0,0,0,0,0,0,0,0,0,0,0,0,0,0,0,0,0,0,0,0,0,0,0,0,0,0,0,0,0,0,0,0,0,0,0,0,0,0,0,0,0,0,0,0,0,0,0,0,0,0,0,0,0,0,0,0,0,0,0,0,0,0,0,0.000953184416478001,0.0019974866020478,0.00316102194823722,0.00387540263919492,0.00489981440134413,0.00574688524322512,0.00631027369883708,0.00688666878892033,0.00720622473812746,0.00753050233394161,0.0078149561032936,0.00835786870914151,0.00919091602608409,0.00982630072385855,0.0105110226161538,0.0110308697152507,0.011500651309666,0.0118328598286888,0.0121596365502246,0.0124128576815864,0.0126692182830035
"V65",0,0,0,0,0,0,0,0,0,0,0,0,0,0,0,0,0,0,0,0,0,0,0,0,0,0,0,0,0,0,0,0,0,0,0,0,0,0,0,0,0,0,0,0,0,0,0,0,0,0,0,0,0,0,0,0,0,0,0,0,0,0,0,0,0,0,0,0,0,0,0,0,0,0,0,0,0,0,0,0,0,0,0,0,0,0,0,0,0,0,0,0,0,0,0,0,0,0,0,0
"V66",0,0,0,0,0,0,0,0,0,0,0,0,0,0,0,0,0,0,0,0,0,0,0,0,0,0,0,0,0,0,0,0,0,0,0,0,0,0,0,0,0,0,0,0,0,0,0,0,0,0,0,0,0,0,0,0,0,0,0,0,0,0,0,0,0,0,0,0,0,0,0,0,0,0,0,0,0,0,0,0,0,0,0,0,0,0,0,0,0,0,0,0,0,0,0,0,0,0,0,0
"V67",0,0,0,0,0,0,0,0,0,0,0,0,0,0,0,0,0,0,0,0,0,0,0,0,0,0,0,0,0,0,0,0,0,0,0,0,0,0,0,0,0,0,0,0,0,0,0,0,0,0,0,0,0,0,0,0,0,0,0,0,0,0,0,0,0,0,0,0,0,0,0,0,0,0,0,0,0,0,0,0,0,0,0,0,0,0,0,0,0,0,0,0,0,0,0,0,0,0,0,0
"V68",0,0,0,0,0,0,0,0,0,0,0,0,0,0,0,0,0,0,0,0,0,0,0,0,0,0,0,0,0,0,0,0,0,0,0,0,0,0,0,0,0,0,0,0,0,0,0,0,0,0,0,0,0,0,0,0,0,0,0,0,0,0,0,0,0,0,0,0,0,0.0010712190666065,0.00359123209458459,0.00585647809291142,0.00796069407389414,0.0103096907213651,0.0125803643808245,0.0147864207203395,0.0167337854350893,0.0181410449978557,0.019187437920904,0.0199258933852064,0.0208570559180974,0.0217354621042459,0.0227378683688994,0.0233255708145048,0.0240076966675991,0.0248226262383329,0.0257084050883339,0.026519622798149,0.027214966806348,0.0279990210314513,0.0286054476369392,0.0290946271362233,0.0295111359224653,0.0299489344830297,0.0305773590382927,0.0311415771961914,0.0316071076278989,0.0320703945118484,0.0324821285046395,0.0328594011072192
"V69",0,0,0,0,0,0,0,0,0,0,0,0,0,0,0,0,0,0,0,0,0,0,0,0,0,0,0,0,0,0,0,0,0,0,0,0,0,0,0,0,0,0,0,0,0,0,0,0,0,0,0,0,0,0,0,0,0,0,0,0,0,0,0,0,0,0,0,0,0,0,0,0,0,0,0,0,0,0,0,0,0,0,0,0,0,0,0,0,0,0,0,0.000656727802393947,0.00235105091247608,0.00412775522612479,0.00544776727964873,0.00669525058935834,0.00784617887949881,0.00885818733992686,0.00970740202707234,0.0104843796545515
"V70",0,0,0,0,0,0,0,0,0,0,0,0,0,0,0,0,0,0,0,0,0,0,0,0,0,0,0,0,0,0,0,0,0,0,0,0,0,0,0,0,0,0,0,0,0,0,0,0,0,0,0,0,0,0,0.000211584940675719,0.00221204169553522,0.00406591695191347,0.006255703632945,0.00834645673910325,0.0102850292954552,0.0123468703512037,0.0147151673114532,0.0165922663866187,0.0183830684583705,0.0201951824756494,0.0218302379162552,0.0235293988610579,0.025097222644744,0.0268312781797439,0.028558218690379,0.0300015384799212,0.0314433669267766,0.0325986654915694,0.0339862146154492,0.0354777236691272,0.036562843450681,0.0379622710629947,0.0392857641194689,0.0407098983633019,0.0422669873084633,0.0439250381382645,0.0458388338937019,0.0474323373156736,0.0489627599784652,0.0506616705925022,0.0522763136106207,0.0537684487857777,0.0551890808285507,0.0565636507864735,0.0576520909035091,0.0588599153987445,0.0600707190584668,0.0607778603608125,0.0615574048646654,0.0623876863079729,0.063276764227762,0.0641771884247465,0.0650069762122356,0.0657426960488023,0.066405760715083
"V71",0,0,0,0,0,0,0,0,0,0,0,0,0,0,0,0,0,0,0,0,0,0,0,0,0,0,0,0,0,0,0,0,0,0,0,0,0,0,0,0,0,0,0,0,0,0,0,0,0,0,0,0,0,0,0,0,0,0,0,0,0,0,0,0,0,0,0,0.000582627803755512,0.00265988666916026,0.00434399448580972,0.00580853070166272,0.0072341035674196,0.00888384592117392,0.010746600762237,0.0124877911108009,0.0141147942578,0.0157187800870895,0.017064646525534,0.0185882690621115,0.0198194248042041,0.0206466569875504,0.021309508451012,0.0215979216214477,0.0220773210337027,0.02256023258089,0.0230248411965021,0.0233097517802866,0.0236462896012697,0.0238527612708128,0.0241105663651646,0.0246799974066234,0.0253493026859158,0.026292974671093,0.027316303931043,0.0277792567479026,0.0281826675915326,0.028505749542948,0.0288145054694764,0.0291398156635072,0.0294505006152571
"V72",0,0,0,0,0,0,0,0,0,0,0,0,0,0,0,0,0,0,0,0,0,0,0,0,0,0,0,0,0,0,0,0,0,0,0,0,0,0,0,0,0,0,0,0,0,0,0,0,0,0,0,0,0,0,0,0,0,0,0,0,0,0,0,0,0,0,0,0,0,0,0,0,0,0,0,0,0,0,0,0,0,0,0,0,0,0,0,0,0,0,0,0,0,0,0,0,0,0,0,0
"V73",0,0,0,0,0,0,0,0,0,0,0,0,0,0,0,0,0,0,0,0,0,0,0,0,0,0,0,0,0,0,0,0,0,0,0,0,0,0,0,0,0,0,0,0,0,0,0,0,0,0,0,0,0,0,0,0,0,0,0,0,0,0,0,0,0,0,0,0,0,0,0,0,0,0,0,0,0,0,0,0,0,0,0,0,0,0,0,0,0,0,0,0,0,0,0,0,0,0,0,0
"V74",0,0,0,0,0,0,0,0,0,0,0,0,0,0,0,0,0,0,0,0,0,0,0,0,0,0,0,0,0,0,0,0,0,0,0,0,0,0,0,0,0,0,0,0,0,0,0,0,0,0,0,0,0,0,0,0,0,0,0,0,0,0,0,0,0,0,0,0,0,0,0,0,0,0,0,0,0,0,0,0,0,0,0,0,0,0,0,0,0,0,0,0,0,0,0,0,0,0,0,0
"V75",0,0,0,0,0,0,0,0,0,0,0,0,0,0,0,0,0,0,0,0,0,0,0,0,0,0,0,0,0,0,0,0,0,0,0,0,0,0,0,0,0,0,0,0,0,0,0,0,0,0,0,0,0,0,0,0,0,0,0,0,0,0,0,0,-0.00136796583709423,-0.00324038761064292,-0.00464958126920985,-0.00589397316699829,-0.00716565032985601,-0.00831898706272675,-0.009095707959864,-0.0099954942708636,-0.011206499414732,-0.0122751854615004,-0.0131826896887003,-0.014238013467818,-0.0151821397366338,-0.0163607676225054,-0.0175651633945947,-0.0183565515463623,-0.0186190422607551,-0.018648010181009,-0.0185136211838129,-0.0179629846916081,-0.0174341365211939,-0.0171122132352931,-0.0165257012761627,-0.0160837350232922,-0.0155608501500294,-0.015286286816283,-0.0147318943381636,-0.0141955336021013,-0.0137926841165892,-0.0132239294415415,-0.0130893329866966,-0.01289455772366,-0.0126382154245629,-0.0124398991985512,-0.0122477494588454,-0.0120557199221473
"V76",0,0,0,0,0,0,0,0,0,0,0,0,0,0,0,0,0,0,0,0,0,0,0,0,0,0,0,0,0,0,0,0,0,0,0,0,0,0,0,0,0,0,0,0,0,0,0,0,0,0,0,0,0,0,0,0,0,0,0,0,0,0,0,0,0,0,0,0,0,0,0,0,0,0,0,0,0,0,0,0,0,0,0,0,0,0,0,0,0,-0.000197252255710963,-0.00113153491424111,-0.00193071581126072,-0.0020997362633488,-0.00209134347193871,-0.00213143967509296,-0.00213908142714694,-0.00222604471196408,-0.00227536397678942,-0.0021244281354707,-0.00194821767100127
"V77",0,0,0,0,0,0,0,0,0,0,0,0,0,0,0,0,0,0,0,0,0,0,0,0,0,0,0,0,0,0,0,0,0,0,0,0,0,0,0,0,0,0,0,0,0,0,0,0,0,0,0,0,0,0,0,0,0,0,0,0,0,0,0,0,0,0,0,0,0,0,0,0,0,0,0,0,0,0,0,0,0,0,0,0,0,0,0,0,0,4.71090234644405e-05,0.000660827003922917,0.00139699544926993,0.00223283620465677,0.00337594023337535,0.00428874792898323,0.00517136355962218,0.0059500632695554,0.00669940546859325,0.00753657147866153,0.00837424929709535
"V78",0,0,0,0,0,0,0,0,0,0,0,0,0,0,0,0,0,0,0,0,0,0,0,0,0,0,0,0,0,0,0,0,0,0,0,0,0,0,0,0,0,0,0,0,0,0,0,0,0,0,0,0,0,0,0,0,-0.000126475813412193,-0.00232622641147362,-0.00438508510857197,-0.00628968634089785,-0.00835148121345343,-0.0105149862411625,-0.0123766934839855,-0.0143024317575864,-0.0157381069638661,-0.017099940402402,-0.0186613419815485,-0.0200315695133142,-0.0212308594330997,-0.0225811683931854,-0.0237956281699488,-0.0250118735687716,-0.0259859524432908,-0.0275631117174049,-0.0292411298647157,-0.0304561177295825,-0.0319353327460479,-0.0329341323354477,-0.0337642020891939,-0.0345610951951818,-0.0360734739815796,-0.0375249149960334,-0.0384357821710668,-0.0392079218768127,-0.0401396149635559,-0.040809711119468,-0.0414252741559111,-0.0418572725746245,-0.0421076898928505,-0.0423014584070314,-0.0424613327435237,-0.0425291103680284,-0.0430218609651672,-0.0434579340489224,-0.0439661429800633,-0.0444979501455975,-0.0449670547633186,-0.045390411613246,-0.0458259551738835,-0.0462429435899263
"V79",0,0,0,0,0,0,0,0,0,0,0,0,0,0,0,0,0,0,0,0,0,0,0,0,0,0,0,0,0,0,0,0,0,0,0,0,0,0,0,0,0,0,0,0,0,0,0,0,0,0,0,0,0,0,0,0,0,0,0,0,0,0,0,0,0,0,0,0,0,0,0,0,0,0,0,0,0,0,0,0,0,0,0,0,0,0,0,0,0,0,0,0,0,0,0,0,0,0,0,0
"V80",0,0,0,0,0,0,0,0,0,0,0,0,0,0,0,0,0,0,0,0,0,0,0,0,0,0,0,0,0,0,0,0,0,0,0,0,0,0,0,0,0,0,0,0,0,0,0,0,0,0,0,0,0,0,0,0,0,0,0,0,0,0,0,0,0,0,0,0,0,0,0,0,0,0,0,0,0,0,0,0,0,0,0,0,0,0,0,0,0,0,0,0,0,0,0,0,0,0,0,0
"V81",0,0,0,0,0,0,0,0,0,0,0,0,0,0,0,0,0,0,0,0,0,0,0,0,0,0,0,0,0,0,0,0,0,0,0,0,0,0,0,0,0,0,0,0,0,0,0,0,0,-7.31731558344106e-06,-0.00308919448190377,-0.00579021113214664,-0.00838185602076073,-0.0108327220283961,-0.013224057793887,-0.0155891229500312,-0.0177938847480861,-0.0196586999430809,-0.0214131841842019,-0.02311864047433,-0.0245756985261321,-0.025463364368634,-0.0261849204673693,-0.0269828853593752,-0.0274720341717381,-0.0280879512786206,-0.0284358246013009,-0.0288001417239521,-0.0293548747239809,-0.0301991687118205,-0.0311460547263136,-0.0320875160210695,-0.0330180858662878,-0.0338710136557537,-0.0347117426125829,-0.0355311481502839,-0.0364327451144346,-0.0372592371265174,-0.0373385761888751,-0.037420868235006,-0.0372370011763652,-0.0371234371177397,-0.0369636037647508,-0.0369993843680556,-0.03690651387382,-0.0368260867153212,-0.0366758163186969,-0.0365130140075553,-0.0363735181353379,-0.0364011063569415,-0.0363081513263583,-0.0362821108256274,-0.036083784779685,-0.0357163643925783,-0.0354154801707432,-0.0350360193842149,-0.0346989097381643,-0.0344039016429045,-0.0340541507400282,-0.0336589063602351
"V82",0,0,0,0,0,0,0,0,0,0,0,0,0,0,0,0,0,0,0,0,0,0,0,0,0,0,0,0,0,0,0,0,0,0,0,0,0,0,0,0,0,0,0,0,0,0,0,0,0,0,0,0,0,0,0,0,0,0,0,0,0,0,0,0,0,0,0,0,0,0,0,0,0,0,0,0,0,0,0,0,0,0,0,0,0,0,0,0,0,0,0,0,0,0,0,0,0,0,0,0
"V83",0,0,0,0,0,0,0,0,0,0,0,0,0,0,0,0,0,0,0,0,0,0,0,0,0,0,0,0,0,0,0,0,0,0,0,0,0,0,0,0,0,0,0,0,0,0,0,0,0,0,0,0,0,0,0,0,0,0,0,0,0,0,0,0,0,0,0,0,0,0,0,0,0,0,0,0,0,0,0,0,0,0,0,0,0,0,0,0,0,0,0,0,0,0,0,0,0,0,0,0
"V84",0,0,0,0,0,0,0,0,0,0,0,0,0,0,0,0,0,0,0,0,0,0,0,0,0,0,0,0,0,0,0,0,0,0,0,0,0,0,0,0,0,0,0,0,0,0,0,0,0,0,0,0,0,0,0,0,0,0,0,0,0,0,0,0,0,0,0,0,0,0,0,0,0,0,0,0,0,0,0,0,0,0,0,0,0,0,0,0,0,0,0,0,0,0,0,0,0,0,0,0
"V85",0,0,0,0,0,0,0,0,0,0,0,0,0,0,0,0,0,0,0,0,0,0,0,0,0,0,0,0,0,0,0,0,0,0,0,0,0,0,0,0,0,0,0,0,0,0,0,0,0,0,0,0,0,0,0,0,0,0,0,0,0,0,0,0,0,0,0,0,0,0,0,0,0,0,0,0,0,0,0,0,0,0,0,0,0,0,0,0,0,0,0,0,0,0,0,0,0,0,0,0
"V86",0,0,0,0,0,0,0,0,0,0,0,0,0,0,0,0,0,0,0,0,0,0,0,0,0,0,0,0,0,0,0,0,0,0,0,0,0,0,0,0,0,0,0,0,0,0,0,0,0,0,0,0,0,0,0,0,0,0,0,0,0,0,0,0,0,0,0,0,0,0,0,0,0,0,0,0,3.64675489805677e-05,0.000291443208307318,0.000946586849637323,0.00143568006001908,0.00137073241214274,0.00130230005730117,0.00151217665394613,0.00141722344507735,0.00128603816052827,0.00116801420462105,0.00101435531851897,0.000968620098171932,0.000927543329497149,0.00108191355580838,0.00108771889502666,0.00103603707360593,0.000857030003352674,0.000581230579475912,0.000327454736344586,3.62771235329299e-05,0,0,0,0
"V87",0,0,0,0,0,0,0,0,0,0,0,0,0,0,0,0,0,0,0,0,0,0,0,0,0,0,0,0,0,0,0,0,0,0,0,0,0,0,0,0,0,0,0,0,0,0,0,0,0,0,0,0,0,0,0,0,0,0,0,0,0,0,0,0,0,0,0,0,0,0,0,0,0,0,0,0,0,0,0,0,0,0,0,0,0,0,0,0,0,0,0,0,0,0,0,0,0,0,0,0
"V88",0,0,0,0,0,0,0,0,0,0,0,0,0,0,0,0,0,0,0,0,0,0,0,0,0,0,0,0,0,0,0,0,0,0,0,0,0,0,0,0,0,0,0,0,0,0,0,0,0,0,0,0,0,0,0,0,0,0,0,0,0,0,0,0,0,0,0,0,0,0,0,0,0,0,0,0,0,0,0,0,0,0,0,0,0,0,0,0,0,0,0,0,0,0,0,0,0,0,0,0
"V89",0,0,0,0,0,0,0,0,0,0,0,0,0,0,0,0,0,0,0,0,0,0,0,0,0,0,0,0,0,0,0,0,0,0,0,0,0,0,0,0,0,0,0,0,0,0,0,0,0,0,0,0,0,0,0,0,0,0,0,0,0,0,0,0,0,0,0,0,0,0,0,0,0,0,0,0,0.00105973588619345,0.00279946099792765,0.00463322630210143,0.00659723649271578,0.00839029874050639,0.0100999688032301,0.0114048778211145,0.0125885384435274,0.0137032880798601,0.014733529628182,0.0153646356413684,0.0159408475401396,0.0164847284628377,0.0169269831550353,0.0170810260049164,0.0170795341463305,0.0169704493422876,0.0167068203105624,0.0165051190190019,0.0162656440994004,0.0159760202838388,0.0156846292544171,0.0154432339818975,0.0152042051079612
"V90",0,0,0,0,0,0,0,0,0,0,0,0,0,0,0,0,0,0,0,0,0,0,0,0,0,0,0,0,0,0,0,0,0,0,0,0,0,0,0,0,0,0,0,0,0,0,0,0,0,0,0,0,0,0,0,0,0,0,0,0,0,0,0,0,0,0,0,0,0,0,0,0,0,0,0,0,0,0,0,0,0,0,0,0,0,0,0,0,0,0,0,0,0,0,0,0,0,0,0,0
"V91",0,0,0,0,0,0,0,0,0,0,0,0,0,0,0,0,0,0,0,0,0,0,0,0,0,0,0,0,0,0,0,0,0,0,0,0,0,0,0,0,0,0,0,0,0,0,0,0,0,0,0,0,0,0,0,0,0,0,0,0,0,0,0,0,0,0,0,0,0,0,0,0,0,0,0,0,0,0,0,0,0,0,0,0,0,0,0,0,0,0,0,0,0,0,0,0,0,0,0,0
"V92",0,0,0,0,0,0,0,0,0,0,0,0,0,0,0,0,0,0,0,0,0,0,0,0,0,0,0,0,0,0,0,0,0,0,0,0,0,0,0,0,0,0,0,0,0,0,0,0,0,0,0,0,0,0,0,0,0,0,0,0,0,0,0,0,0,0,0,0,0,0,0,0,-0.000278749744398721,-0.00216168089769997,-0.00406776845006361,-0.00559314006079635,-0.00745978719295707,-0.00889647672749113,-0.00972193619120597,-0.0106985492156463,-0.0116026596686994,-0.0121722724625276,-0.0115360770863378,-0.0111797993651123,-0.0109111572884391,-0.0107621379509632,-0.0105682867964245,-0.0103146604697323,-0.00955464567316227,-0.00915510330730823,-0.00865396924316422,-0.00846213392902416,-0.00832299515844018,-0.00806785457013046,-0.0079478487997745,-0.00788455939648762,-0.00789023180944005,-0.00789049006284108,-0.00788405595287571,-0.00784245589473194
"V93",0,0,0,0,0,0,0,0,0,0,0,0,0,0,0,0,0,0,0,0,0,0,0,0,0,0,0,0,0,0,0,0,0,0,0,0,0,0,0,0,0,0,0,0,0,0,0,0,0,0,0,0,0,0,0,0,0,0,0,0,0,0,0,0,0,0,0,0,0,0,0,0,0,0,0,0,0,0,0,0,0,0,0,0,0,0,0,0,0,0,0,0,0,0,0,0,0,0,0,0
"V94",0,0,0,0,0,0,0,0,0,0,0,0,0,0,0,0,0,0,0,0,0,0,0,0,0,0,0,0,0,0,0,0,0,0,0,0,0,0,0,0,0,0,0,0,0,0,0,0,0,0,0,0,0,0,0,0,0,0,0,0,0,0,0,0,0,0,0,0,0,0,0,0,0,0,0,0,0,0,0,0,0,0,0,0,0,0,0,0,0,0,0,0,0,0,0,0,0,0,0,0
"V95",0,0,0,0,0,0,0,0,0,0,0,0,0,0,0,0,0,0,0,0,0,0,0,0,0,0,0,0,0,0,0,0,0,0,0,0,0,0,0,0,0,0,0,0,0,0,0,0,0,0,0,0,0,0,0,0,0,0,0,0,0,0,0,0,0,0,0,0,0,0,0,0,0,0,0,0,0,0,0,0,0,0,0,0,0,0,0,0,0,0,0,0,0,0,0,0,0,0,0,0
"V96",0,0,0,0,0,0,0,0,0,0,0,0,0,0,0,0,0,0,0,0,0,0,0,0,0,0,0,0,0,0,0,0,0,0,0,0,0,0,0,0,0,0,0,0,0,0,0,0,0,0,0,0,0,0,0,0,0,0,0,0,0,0,0,0,0,0,0,0,0,0,0,0,0,0,0,0,0,0,0,0,0,-0.00113231933796614,-0.00263244209319264,-0.00396018179983032,-0.00522196879587041,-0.00639777614488904,-0.00772875053631891,-0.00890426249507955,-0.010029472122694,-0.0108675285897756,-0.0116604692725038,-0.012463883829741,-0.012981592357128,-0.0135711884405398,-0.0141337329895823,-0.0146962018862885,-0.0152526831156046,-0.0157310914460624,-0.0160354442982805,-0.0162557119088616
"V97",0,0,0,0,0,0,0,0,0,0,0,0,0,0,0,0,0,0,0,0,0,0,0,0,0,0,0,0,0,0,0,0,0,0,0,0,0,0,0,0,0,0,0,0,0,0,0,0,0,0,0,0,0,0,0,0,0,0,0,0,0,0,0,0,0,0,0,0,0,0,0,0,0,0,0,0,0,0,0,0,0,0,0,0,0,0,0,0,0,0,0,0,0,0,0,0,0,0,0,0
"V98",0,0,0,0,0,0,0,0,0,0,0,0,0,0,0,0,0,0,0,0,0,0,0,0,0,0,0,0,0,0,0,0,0,0,0,0,0,0,0,0,0,0,0,0,0,0,0,0,0,0,0,0,0,0,0,0,0,0,0,0,0,0,0,0,0,0,0,0,0,0,0,0,0,0,0,0,0,0,0,0,0,0,0,0,0,0,0,0,0,0,0,0,0,0,0,0,0,0,0,-6.38255566842924e-05
"V99",0,0,0,0,0,0,0,0,0,0,0,0,0,0,0,0,0,0,0,0,0,0,0,0,0,0,0,0,0,0,0,0,0,0,0,0,0,0,0,0,0,0,0,0,0,0,0,0,0,0,0,0,0,0,0,0,0,0,0,0,0,0,0,0,0,0,0,0,0,0,0,0,0,0,0,0,0,0,0,0,0,0,0,0,0,0,0,0,0,0,-0.000142332286316424,-0.000882089310562816,-0.00130580967883326,-0.0016728376983283,-0.00201171311294201,-0.0022445514773388,-0.00247049563539402,-0.00262725434387856,-0.00267330696691024,-0.00265401558658277
"V100",0,0,0,0,0,0,0,0,0,0,0,0,0,0,0,0,0,0,0,0,0,0,0,0,0,0,0,0,0,0,0,0,0,0,0,0,0,0,0,0,0,0,0,0,0,0,0,0,0,0,0,0,0,0,0,0,0,0,0,0,0,0,0,0,0,0,0,0,0,0,0,0,0,0,0,0,0,0,0,0,0,0,-3.92277977591913e-06,-0.000699497364086421,-0.00169319317733769,-0.00266351218757437,-0.00393193334473642,-0.005118776487695,-0.00639005717521227,-0.00738854458455311,-0.00845365705509078,-0.00973804327892002,-0.0104889597424715,-0.0114952766071837,-0.0124090426091833,-0.0133675420815425,-0.0143182858078513,-0.015237318651188,-0.0160546375654553,-0.0168102769484374
"V101",0,0,0,0,0,0,0,0,0,0,0,0,0,0,0,0,0,0,0,0,0,0,0,0,0,0,0,0,0,0,0,0,0,0,0,0,0,0,0,0,0,0,0,0,0,0,0,0,0,0,0,0,0,0,0,0,0,0,0,0,0,0,0,0,0,0,0,0,0,0,0,0,0,0,0,0,0,0,0,0,0,0,0,0,0,0,0,0,0,0,0,0,0,0,0,0,0,0,0,0
"V102",0,0,0,0,0,0,0,0,0,0,0,0,0,0,0,0,0,0,0,0,0,0,0,0,0,0,0,0,0,0,0,0,0,0,0,0,0,0,0,0,0,0,0,0,0,0,0,0,0,0,0,0,0,0,0,0,0,0,0,0,0,0,0,0,0,0,0,0,0,0,0,0,0,0,0,0,0,0,0,0,0,0,0,0,0,0,0,0,0,0,0,0,0,0,0,0,0,0,0,0
"V103",0,0,0,0,0,0,0,0,0,0,0,0,0,0,0,0,0,0,0,0,0,0,0,0,0,0,0,0,0,0,0,0,0,0,0,0,0,0,0,0,0,0,0,0,0,0,0,0,0,0,0,0,0,0,0,0,0,0,0,0,0,0,0,0,0,0,0,0,0,0,0,0,0,0,0,0,0,-2.40790280478867e-05,-0.00166707342198022,-0.00336310204992355,-0.00504585112048967,-0.00657562311948325,-0.00824493767801225,-0.00982535872375537,-0.0113265658639169,-0.0126523399176208,-0.0138820604051846,-0.0152155860931254,-0.0166761903540723,-0.0179654048726462,-0.0195905267758089,-0.0209062137748773,-0.0221554306362818,-0.0234641476046485,-0.0245661132369521,-0.0256367320904403,-0.0266722732530664,-0.0276565989515732,-0.0286064687090932,-0.0295384222262846
"V104",0,0,0,0,0,0,0,0,0,0,0,0,0,0,0,0,0,0,0,0,0,0,0,0,0,0,0,0,0,0,0,0,0,0,0,0,0,0,0,0,0,0,0,0,0,0,0,0,0,0,0,0,0,0,0,0,0,0,0,0,0,0,0,0,0,0,0,0,0,0,0,0,0,0,0,0,0,0,0,0,0,0,0,0,0,0,0,0,0,0,0,0,0,0,0,0,0,0,0,0
"V105",0,0,0,0,0,0,0,0,0,0,0,0,0,0,0,0,0,0,0,0,0,0,0,0,0,0,0,0,0,0,0,0,0,0,0,0,0,0,0,0,0,0,0,0,0,0,0,0,0,0,0,0,0,0,0,0,0,0,0,0,0,0,0,0,0,0,0,0,0,0,0,0,0,0,0,0,0,0,0,0,0,0,0,0,0,0,0,0,0,0,0,0,0,0,0,0,0,0,0,0
"V106",0,0,0,0,0,0,0,0,0,0,0,0,0,0,0,0,0,0,0,0,0,0,0,0,0,0,0,0,0,0,0,0,0,0,0,0,0,0,0,0,0,0,0,0,0,0,0,0,0,0,0,0,0,0,0,0,0,0,0,0,0,0,0,0,0,0,0,0,0,0,0,0,0,0,0,0,0,0,0,0,0,0,0,0,0,0,0,0,0,0,0,0,0,0,0,0,0,0,0,0
"V107",0,0,0,0,0,0,0,0,0,0,0,0,0,0,0,0,0,0,0,0,0,0,0,0,0,0,0,0,0,0,0,0,0,0,0,0,0,0,0,0,0,0,0,0,0,0,0,0,0,0,0,0,0,0,0,0,0,0,0,0,0,0,0,0,0,0,0,0,0,0,0,0,0,0,0,0,0,0,0,0,0,0,0,0,0,0,0,0,0,0,0,0,0,0,0,0,0,0,0,0
"V108",0,0,0,0,0,0,0,0,0,0,0,0,0,0,0,0,0,0,0,0,0,0,0,0,0,0,0,0,0,0,0,0,0,0,0,0,0,0,0,0,0,0,0,0,0,0,0,0,0,0,0,0,0,0,0,0,0,0,0,0,0,0,0,0,0,0,0,0,0,0,0,0,0,0,0,0,0,0,0,0,0,0,0,0,0,0,0,0,0,0,0,0,0,0,0,0,0,0,0,0
"V109",0,0,0,0,0,0,0,0,0,0,0,0,0,0,0,0,0,0,0,0,0,0,0,0,0,0,0,0,0,0,0,0,0,0,0,0,0,0,0,0,0,0,0,0,0,0,0,0,0,0,0,0,0,0,0,0,0,0,0,0,0,0,0,0,0,0,0,0,0,0,0,-0.000118015523471182,-0.00157328385040467,-0.00268677159257891,-0.0035319292650186,-0.0045878282036343,-0.00532750928344605,-0.00614920270269283,-0.00685807687463232,-0.00758355830098542,-0.00839225863471519,-0.00902218465927499,-0.00944997970830593,-0.0104321967510599,-0.0113094778864927,-0.0121513030029518,-0.0130472682649079,-0.0136937515384116,-0.0143447325883437,-0.0148657509641298,-0.0152673286211327,-0.0158813535890946,-0.0165068935562065,-0.0171843173199041,-0.0178194356438397,-0.0184584989084485,-0.0190866994766987,-0.0196826363389264,-0.0203040091647268,-0.0209427212390121
"V110",0,0,0,0,0,0,0,0,0,0,0,0,0,0,0,0,0,0,0,0,0,0,0,0,0,0,0,0,0,0,0,0,0,0,0,0,0,0,0,0,0,0,0,0,0,0,0,0,0,0,0,0,0,0,0,0,0,0,0,0,0,0,0,0,0,0,0,0,0,0,0,0,0,0,0,0,0,0,0,0,0,0,0,0,0,0,0,0,0,0,0,0,0,0,0,0,0,0,0,0
"V111",0,0,0,0,0,0,0,0,0,0,0,0,0,0,0,0,0,0,0,0,0,0,0,0,0,0,0,0,0,0,0,0,0,0,0,0,0,0,0,0,0,0,0,0,0,0,0,0,0,0,0,0,0,0,0,0,0,0,0,0,0,0,0,0,0,0,0,0,0,0,0,0,0,0,0,0,0.000667125130537422,0.0024826573370949,0.00433013490993293,0.00629090503103016,0.00841893202342054,0.0106156402498738,0.012424768348444,0.0141462060968445,0.0156824509869429,0.0171313484022503,0.0186198093825668,0.019677880227204,0.0207701431737964,0.0216597698538371,0.0227236902079879,0.0238247568498581,0.0247865314678248,0.025739604132347,0.0263582680601117,0.0270053887820373,0.0276189440471688,0.028163778147865,0.0285421282833671,0.0288582831331366
"V112",0,0,0,0,0,0,0,0,0,0,0,0,0,0,0,0,0,0,0,0,0,0,0,0,0,0,0,0,0,0,0,0,0,0,0,0,0,0,0,0,0,0,0,0,0,0,0,0,0,0,0,0,0,0,0,0,0,0,0,0,0,0,0,0,0,0,0,0,0,0,0,0,0,0,0,0,0,0,0,0,0,0,0,0,0,0,0,0,0,0,0,0,0,0,0,0,0,0,0,0
"V113",0,0,0,0,0,0,0,0,0,0,0,0,0,0,0,0,0,0,0,0,0,0,0,0,0,0,0,0,0,0,0,0,0,0,0,0,0,0,0,0,0,0,0,0,0,0,0,0,0,0,0,0,0,0,0,0,0,0,0,0,0,0,0,0,0,0,0,0,0,0,0,0,0,0,0,0,0,0,0,0,0,0,0,0,0,0,0,0,0,0,0,0,0,0,0,0,0,0,0,0
"V114",0,0,0,0,0,0,0,0,0,0,0,0,0,0,0,0,0,0,0,0,0,0,0,0,0,0,0,0,0,0,0,0,0,0,0,0,0,0,0,0,0,0,0,0,0,0,0,0,0,0,0,0,0,0,0,0,0,0,0,0,0,0,0,0,0,0,0,0,0,0,0,0,0,0,0,0,0,0,0,0,0,0,0,0,0,0,0,0,0,0,0,0,0,0,0,0,0,0,0,0
"V115",0,0,0,0,0,0,0,0,0,0,0,0,0,0,0,0,0,0,0,0,0,0,0,0,0,0,0,0,0,0,0,0,0,0,0,0,0,0,0,0,0,0,0,0,0,0,0,0,0,0,0,-0.000436414224814934,-0.00210897973552532,-0.00369911496764579,-0.00525148453653891,-0.0067722946702595,-0.00820508311375543,-0.00934348503114599,-0.0104090075555939,-0.0114495347500009,-0.0122386397787092,-0.0127724230581416,-0.0132212326113746,-0.0134560215797075,-0.0131150004969908,-0.0130836432429145,-0.0129763685725458,-0.0132244143667183,-0.0136132283813239,-0.013980887316149,-0.0147051875128179,-0.0152389584684929,-0.015744842297255,-0.0163086837451301,-0.016639204246264,-0.0172668247698946,-0.017918960120253,-0.0186076125652256,-0.0188307681731187,-0.0186844261483612,-0.0178427058429935,-0.0169626365849271,-0.0162066648997485,-0.0154330753147959,-0.0146059029003756,-0.0139370364623848,-0.0131605078359527,-0.012535865452052,-0.0118931096814214,-0.0114259447286858,-0.0107413345406921,-0.0104309845500798,-0.0103140701697174,-0.0102138663645857,-0.0101547744620596,-0.0100345283880936,-0.00987878077387591,-0.00967490711244677,-0.00939458883960095,-0.00909893343201195
"V116",0,0,0,0,0,0,0,0,0,0,0,0,0,0,0,0,0,0,0,0,0,0,0,0,0,0,0,0,0,0,0,0,0,0,0,0,0,0,0,0,0,0,0,0,0,0,0,0,0,0,0,0,0,0,0,0,0,0,0,0,0,0,0,0,0,0,0,0,0,0,0,0,0,0,0,0,0,0,0,0,0,0,0,0,0,0,0,0,0,0,0,0,0,0,0,0,0,0,0,0
"V117",0,0,0,0,0,0,0,0,0,0,0,0,0,0,0,0,0,0,0,0,0,0,0,0,0,0,0,0,0,0,0,0,0,0,0,0,0,0,0,0,0,0,0,0,0,0,0,0,0,0,0,0,0,0,0,0,0,0,0,0,0,0,0,0,0,0,0,0,0,0,0,0,0,0,0,0,0,0,0,0,0,0,0,0,0,0,0,0,0,0,0,0,0,0,0,0,0,0,0,0
"V118",0,0,0,0,0,0,0,0,0,0,0,0,0,0,0,0,0,0,0,0,0,0,0,0,0,0,0,0,0,0,0,0,0,0,0,0,0,0,0,0,0,0,0,0,0,0,0,0,0,0,0,0,0,0,0,0,0,0,0,0,0,0,0,0,0,0,0,0,0,0,0,0,0,0,0,0,0,0,0,0,0,0,0,0,0,0,0,0,0,0,0,0,0,0,0,0,0,0,0,0
"V119",0,0,0,0,0,0,0,0,0,0,0,0,0,0,0,0,0,0,0,0,0,0,0,0,0,0,0,0,0,0,0,0,0,0,0,0,0,0,0,0,0,0,0,0,0,0,0,0,0,0,0,0,0,0,0,0,0,0,0,0,0,0,0,0,0,0,0,0,0,0,0,0,0,0,0,0,0,0,0,0,0,0,0,0,0,0,0,0,0,0,0,0,0,0,0,0,0,0,0,0
"V120",0,0,0,0,0,0,0,0,0,0,0,0,0,0,0,0,0,0,0,0,0,0,0,0,0,0,0,0,0,0,0,0,0,0,0,0,0,0,0,0,0,0,0,0,0,0,0,0,0,0,0,0,0,0,0,0,0,0,0,0,0,0,0,0,0,0,0,0,0,0,0,0,0,0,0,0,0,0,0,0,0,0,0,0,0,0,0,0,0,0,0,0,0,0,0,0,0,0,0,0
"V121",0,0,0,0,0,0,0,0,0,0,0,0,0,0,0,0,0,0,0,0,0,0,0,0,0,0,0,0,0,0,0,0,0,0,0,0,0,0,0,0,0,0,0,0,0,0,0,0,0,0,0,0,0,0,0,0,0,0,0,0,0,0,0,0,0,0,0,0,0,0,0,0,0,0,0,0,0,0,0,0,0,0,0,0,0,0,0,0,0,0,0,0,0,0,0,0,0,0,0,0
"V122",0,0,0,0,0,0,0,0,0,0,0,0,0,0,0,0,0,0,0,0,0,0,0,0,0,0,0,0,0,0,0,0,0,0,0,0,0,0,0,0,0,0,0,0,0,0,0,0,0,0,0,0,0,0,0,0,0,0,0,0,0,0,0,0,0,0,0,0,0,0,0,0,0,0,0,0,0,0,0,0,0,0,0,0,0,0.000193324094499179,0.000891154176666799,0.00134747753935231,0.00170580699496495,0.00214265155182053,0.00265835638783091,0.003153609098165,0.00386977808839375,0.00469174888512152,0.0053589154053814,0.00602079807148756,0.00663089231913026,0.00723339677058244,0.00781538364259806,0.00835946223706005
"V123",0,0,0,0,0,0,0,0,0,0,0,0,0,0,0,0,0,0,0,0,0,0,0,0,0,0,0,0,0,0,0,0,0,0,0,0,0,0,0,0,0,0,0,0,0,0,0,0,0,0,0,0,0,0,0,0,0,0,0,0,0,0,0,0,0,0,0,0,0,0,0,0,0,0,0,0,0,0,0,0,0,0,0,0,0,0,0,0,0,0,0,0,0,0,0,0,0,0,0,0
"V124",0,0,0,0,0,0,0,0,0,0,0,0,0,0,0,0,0,0,0,0,0,0,0,0,0,0,0,0,0,0,0,0,0,0,0,0,0,0,0,0,0,0,0,0,0,0,0,0,0,0,0,0,0,0,0,0,0,0,0,0,0,0,0,-0.00105394954295628,-0.00261786668022991,-0.00385109618002218,-0.00487758248533348,-0.00604742227972207,-0.00736666427539449,-0.00868611865526905,-0.00993813378150156,-0.0111863088208613,-0.0121998889994957,-0.0132067566182109,-0.0142104377230742,-0.0149499132341641,-0.015771929860665,-0.0166208618809926,-0.0176791111256939,-0.0187545024779506,-0.0195381436175137,-0.0204412712794661,-0.0211277748093811,-0.02199233934786,-0.0228386592007617,-0.023702511098625,-0.0246638901044337,-0.0255619459814603,-0.0265568869085354,-0.0273329282778964,-0.0282364707323663,-0.0291841654423421,-0.0300266840338593,-0.0310270670289579,-0.0319719544845556,-0.0329574504526708,-0.0339960309811807,-0.0350232113745306,-0.0359541592239445,-0.0368297748585322
"V125",0,0,0,0,0,0,0,0,0,0,0,0,0,0,0,0,0,0,0,0,0,0,0,0,0,0,0,0,0,0,0,0,0,0,0,0,0,0,0,0,0,0,0,0,0,0,0,0,0,0,0,0,0,0,0,0,0,0,0,0,0,0,0,0,0,0,0,0,0,0,0,0,0,0,0,0,0,0,0,0,0,0,0,0,0,0,0,0,0,0,0,0,0,0,0,0,0,0,0,0
"V126",0,0,0,0,0,0,0,0,0,0,0,0,0,0,0,0,0,0,0,0,0,0,0,0,0,0,0,0,0,0,0,0,0,0,0,0,0,0,0,0,0,0,0,0,0,0,0,0,0,0,0,0,0,0,0,0,0,0,0,0,0,0,0,0,0,0,0,0,0,0,0,0,0,0,0,0,0,0,0,0,0,0,0,0,0,0,0,0,0,0,0,0,0,0,0,0,0,0,0,0
"V127",0,0,0,0,0,0,0,0,0,0,0,0,0,0,0,0,0,0,0,0,0,0,0,0,0,0,0,0,0,0,0,0,0,0,0,0,0,0,0,0,0,0,0,0,0,0,0,0,0,0,0,0,0,0,0,0,0,0,0,0,0,0,0,0,0,0,0,0,0,0,0,0,0,0,0,0,0,0,0,0,0,0,0,0,0,0,0,0,0,0,0,0,0,0,0,0,0,0,0,0
"V128",0,0,0,0,0,0,0,0,0,0,0,0,0,0,0,0,0,0,0,0,0,0,0,0,0,0,0,0,0,0,0,0,0,0,0,0,0,0,0,0,0,0,0,0,0,0,0,0,0,0,0,0,0,0,0,0,0,0,0,0,0,0,0,0,0,0,0,0,0,0,0,0,0,0,0,0,0,0,0,0,0,0,0,0,1.44676413575164e-06,0.000519342158111844,0.00105133302342021,0.0013954617412767,0.00171300354422355,0.00167198637261651,0.00165884022168754,0.00166645864449961,0.0015660014421433,0.00151181760547298,0.00144665788059944,0.00143896397388299,0.00137387635610924,0.00121194394865971,0.000926660905154833,0.000636207919592651
"V129",0,0,0,0,0,0,0,0,0,0,0,0,0,0,0,0,0,0,0,0,0,0,0,0,0,0,0,0,0,0,0,0,0,0,0,0,0,0,0,0,0,0,0,0,0,0,0,0,0,0,0,0,0,0,0,0,0,0,0,0,0,0,0,0,0,0,0,0,0,0,0,0,0,0,0,0,0,0,0,0,0,0,0,0,0,0,0,0,0,0,0,0,0,0,0,0,0,0,0,0
"V130",0,0,0,0,0,0,0,0,0,0,0,0,0,0,0,0,0,0,0,0,0,0,0,0,0,0,0,0,0,0,0,0,0,0,0,0,0,0,0,0,0,0,0,0,0,0,0,0,0,0,0,0,0,0,0,0,0,0,0,0,0,0,0,0,0,0,0,0,0,0,0,0,0,0,0,0,0,0,0,0,0,0,0,0,0,0,0,0,0,0,0,0,0,0,0,0,0,0,0,0
"V131",0,0,0,0,0,0,0,0,0,0,0,0,0,0,0,0,0,0,0,0,0,0,0,0,0,0,0,0,0,0,0,0,0,0,0,0,0,0,0,0,0,0,0,0,0,0,0,0,0,0,0,0,0,0,0,0,0,0,0,0,0,0,0,0,0,0,0,0,0,0,0,0,0,0,0,0,0,0,0,0,0,0,0,0,0,0,0,0,0,0,0,0,0,0,0,0,0,0,0,0
"V132",0,0,0,0,0,0,0,0,0,0,0,0,0,0,0,0,0,0,0,0,0,0,0,0,0,0,0,0,0,0,0,0,0,0,0,0,0,0,0,0,0,0,0,0,0,0,0,0,0,0,0,0,0,0,0,0,0,0,0,0,0,0,0,0,0,0,0,0,0,0,0,0,0,0,0,0,0,0,0,0,0,-4.58674774162122e-06,-0.000513640713431122,-0.000861902850857785,-0.00119837504997451,-0.00147475862690231,-0.00173447041250749,-0.00199912461634709,-0.00258054187026305,-0.00316051876956564,-0.00390210570919214,-0.00467766018691249,-0.00524031074577084,-0.00577252640304323,-0.00609268968942939,-0.00633117143934161,-0.0065498726743201,-0.00678543967915422,-0.0069709383818511,-0.00720028089346362
"V133",0,0,0,0,0,0,0,0,0,0,0,0,0,0,0,0,0,0,0,0,0,0,0,0,0,0,0,0,0,0,0,0,0,0,0,0,0,0,0,0,0,0,0,0,0,0,0,0,0,0,0,0,0,0,0,0,0,0,0,0,0,0,0,0,0,0,0,0,0,0,0,0,0,0,0,0,0,0,0,0,0,0,0,0,0,0,0,0,0,0,0,0,0,0,0,0,0,0,0,0
"V134",0,0,0,0,0,0,0,0,0,0,0,0,0,0,0,0,0,0,0,0,0,0,0,0,0,0,0,0,0,0,0,0,0,0,0,0,0,0,0,0,0,0,0,0,0,0,0,0,0,0,0,0,0,0,0,0,0,0,0,0,0,0,0,0,0,0,0,0,0,0,0,0,0,0,0,0,0,0,0,-0.000619960195725189,-0.0025647979698518,-0.00421124108093503,-0.00594987808335623,-0.00760059434442473,-0.00932959158219606,-0.0111305934157381,-0.0128473554876649,-0.0144625390977817,-0.0160265377637212,-0.0172081371980533,-0.0184919754009783,-0.0197662999170195,-0.0208829201871418,-0.0221900396108189,-0.0232320837036697,-0.0242509854578872,-0.0251640466613348,-0.0259621444097269,-0.0266768902069189,-0.0273783018985013
"V135",0,0,0,0,0,0,0,0,0,0,0,0,0,0,0,0,0,0,0,0,0,0,0,0,0,0,0,0,0,0,0,0,0,0,0,0,0,0,0,0,0,0,0,0,0,0,0,0,0,0,0,0,0,0,0,0,0,0,0,0,0,0,0,0,0,0,0,0,0,0,0,0,0,0,0,0,0,0,0,0,0,0,0,0,0,0,0,0,0,0,0,0,0,0,0,0,0,0,0,0
"V136",0,0,0,0,0,0,0,0,0,0,0,0,0,0,0,0,0,0,0,0,0,0,0,0,0,0,0,0,0,0,0,0,0,0,0,0,0,0,0,0,0,0,0,0,0,0,0,0,0,0,0,0,0,0,0,0,0,0,0,0,0,0,0,0,0,0,0,0,0,0,0,0,0,0,0,0,0,0,0,0,0,0,0,0,0,7.94633442265848e-05,0.000669291054838794,0.000987662536113368,0.00125247562215484,0.00160453913364904,0.00200179045270509,0.00225257477256226,0.00260372196185229,0.0029796440352995,0.00319709171464858,0.00339537929038215,0.0036397654856356,0.0039571975029979,0.0042979033607656,0.00465228280297506
"V137",0,0,0,0,0,0,0,0,0,0,0,0,0,0,0,0,0,0,0,0,0,0,0,0,0,0,0,0,0,0,0,0,0,0,0,0,0,0,0,0,0,0,0,0,0,0,0,0,0,0,0,0,0,0,0,0,0,0,0,0,0,0,0,0,0,0,0,0,0,0,0,0,0,0,0,0,0,0,0,0,0,0,0,0,0,0,0,0,0,0,0,0,0,0,0,0,0,0,0,0
"V138",0,0,0,0,0,0,0,0,0,0,0,0,0,0,0,0,0,0,0,0,0,0,0,0,0,0,0,0,0,0,0,0,0,0,0,0,0,0,0,0,0,0,0,0,0,0,0,0,0,0,0,0,0,0,0,0,0,0,0,0,0,0,0,0,0,-0.000316016144672974,-0.00131083323138045,-0.00251096110988182,-0.0035669788618028,-0.00433427968046832,-0.00497875418000904,-0.0055242315091507,-0.00577875848115711,-0.00590322968248265,-0.00626132632020122,-0.00671875383462958,-0.0073710638525254,-0.00808338922370883,-0.00883339444754136,-0.00987020818368249,-0.0106535250779422,-0.011467002512892,-0.0127328063250448,-0.013931662509509,-0.0148702379143897,-0.015694720434705,-0.0159561846936158,-0.0164571335894021,-0.0170021206112507,-0.0174044890885254,-0.0179024734733922,-0.0177188442461475,-0.0174277306526377,-0.0167496370840481,-0.0162010088637252,-0.0155440139240313,-0.014767869774267,-0.0139844651433864,-0.0132530861841547,-0.012591837703938
"V139",0,0,0,0,0,0,0,0,0,0,0,0,0,0,0,0,0,0,0,0,0,0,0,0,0,0,0,0,0,0,0,0,0,0,0,0,0,0,0,0,0,0,0,0,0,0,0,0,0,0,0,0,0,0,0,0,0,0,0,0,0,0,0,0,0,0,0,0,0,0,0,0,0,0,0,0,0,0,0,0,0,0,0,0,0,0,0,0,0,0,0,0,0,0,0,0,0,0,0,0
"V140",0,0,0,0,0,0,0,0,0,0,0,0,0,0,0,0,0,0,0,0,0,0,0,0,0,0,0,0,0,0,0,0,0,0,0,0,0,0,0,0,0,0,0,0,0,0,0,0,0,0,0,0,0,0,0,0,0,0,0,0,0,0,0,0,0,0,0,0,0,0,0,0,0,0,0,0,0,0,0,0,0,0,0,0,0,0,0,0,0,0,0,0,0,0,0,0,0,0,0,0
"V141",0,0,0,0,0,0,0,0,0,0,0,0,0,0,0,0,0,0,0,0,0,0,0,0,0,0,0,0,0,0,0,0,0,0,0,0,0,0,0,0,0,0,0,0,0,0,0,0,0,0,0,0,0,0,0,0,0,0,0,0,0,0,0,0,0,0,0,0,0,0,0,0,0,0,0,0,0,0,0,0,0,0,0,0,0,0,0,0,0,0,0,0,0,0,0,0,0,0,0,0
"V142",0,0,0,0,0,0,0,0,0,0,0,0,0,0,0,0,0,0,0,0,0,0,0,0,0,0,0,0,0,0,0,0,0,0,0,0,0,0,0,0,0,0,0,0,0,0,0,0,0,0,0,0,0,0,0,0,0,0,0,0,-0.00124498598911912,-0.00330032555078779,-0.00501641457718845,-0.00660597696796358,-0.00822545807284304,-0.00953803559821666,-0.0108327155462541,-0.0121189786346973,-0.0133667858158836,-0.0144863287030893,-0.0158794006132429,-0.0172315404846742,-0.0182371893272555,-0.0194779393768379,-0.0208933336796046,-0.0217530305671171,-0.0230623498140723,-0.0243869218858299,-0.0257494198617459,-0.026918546894378,-0.0284068604055657,-0.0298227408666921,-0.0311224461583377,-0.0323395629080318,-0.0336097512269614,-0.0347820079142685,-0.0359665529017556,-0.03684803982583,-0.0377009228421391,-0.0384184404587264,-0.0391433569849215,-0.0398337757457409,-0.0404848288066282,-0.0411146810541891,-0.0416633004157525,-0.0422512979219346,-0.0429061575602088,-0.0435773476296797,-0.0442366843051085,-0.0448276144767451
"V143",0,0,0,0,0,0,0,0,0,0,0,0,0,0,0,0,0,0,0,0,0,0,0,0,0,0,0,0,0,0,0,0,0,0,0,0,0,0,0,0,0,0,0,0,0,0,0,0,0,0,0,0,0,0,0,0,0,0,0,0,0,0,0,0,0,0,0,0,0.000542984477647675,0.00130289960526958,0.00166109627718321,0.0020449837363591,0.00247499555958763,0.00252815681088494,0.0023625848390837,0.0023338389637076,0.0022137317490142,0.00222774618323379,0.00240868506383102,0.00268158351750462,0.00308788490631885,0.00355667537638377,0.00408771314154661,0.00479829333936725,0.00548604874970515,0.00602188806454442,0.00652443411826405,0.00698886211970893,0.00753380119548982,0.00793373348051066,0.00839472857821219,0.00872093042153425,0.00890612297615246,0.00912801435986406,0.00922702768979114,0.00928250215080585,0.00930288472075693,0.00930208583148456,0.00936281548260296,0.00940368694535762
"V144",0,0,0,0,0,0,0,0,0,0,0,0,0,0,0,0,0,0,0,0,0,0,0,0,0,0,0,0,0,0,0,0,0,0,0,0,0,0,0,0,0,0,0,0,0,0,0,0,0,0,0,0,0,0,0,0,0,0,0,0,0,0,0,0,0,0,0,0,0,0,0,0,0,0,0,0,0,0,0,0,0,0,0,0,0,0,0,0,0,0,0,0,0,0,0,0,0,0,0,0
"V145",0,0,0,0,0,0,0,0,0,0,0,0,0,0,0,0,0,0,0,0,0,0,0,0,0,0,0,0,0,0,0,0,0,0,0,0,0,0,0,0,0,0,0,0,0,0,0,0,0,0,0,0,0,0,0,0,0,0,0,0,0,0,0,0,0,0,0,0,0,0,0,0,0,0,0,0,0,0,0,0.000658433003975637,0.00132899943168224,0.00226133493039793,0.00315001083606043,0.00392020153571974,0.00460255285753935,0.00519854924866455,0.0059009661757944,0.00653552156713467,0.0071300799671198,0.00768943521891661,0.00815258138059348,0.00822210249013753,0.00839059374881166,0.00849095833148623,0.00862337143298296,0.00874360315792929,0.00894128334807135,0.00914166604601075,0.00935031222799938,0.00955071212586628
"V146",0,0,0,0,0,0,0,0,0,0,0,0,0,0,0,0,0,0,0,0,0,0,0,0,0,0,0,0,0,0,0,0,0,0,0,0,0,0,0,0,0,0,0,0,0,0,0,0,0,0,0,0,0,0,0,0,0,0,0,0,0,0,0,0,0,0,0,0,0,0,0,0,0,0,0,0,0,0,0,0,0,0,0,0,0,0,0,0,0,0,0,0,0,0,0,0,0,0,0,0
"V147",0,0,0,0,0,0,0,0,0,0,0,0,0,0,0,0,0,0,0,0,0,0,0,0,0,0,0,0,0,0,0,0,0,0,0,0,0,0,0,0,0,0,0,0,0,0,0,0,0,0,0,0,0,0,0,0,0,0,0,0,0,0,0,0,0,0,0,0,0,0,0,0,0,0,0,0,0,0,0,0,0,0,0,0,0,0,0,0,0,0,0,0,0,0,0,0,0,0,0,0
"V148",0,0,0,0,0,0,0,0,0,0,0,0,0,0,0,0,0,0,0,0,0,0,0,0,0,0,0,0,0,0,0,0,0,0,0,0,0,0,0,0,0,0,0,0,0,0,0,0,0,0,0,0,0,0,0,0,0,0,0,0,0,0,0,0,0,0,0,0,0,0,0,0,0,0,0,0,0,0,0,0,0,0,0,0,0,0,0,0,0,0,0,0,0,0,0,0,0,0,0,0
"V149",0,0,0,0,0,0,0,0,0,0,0,0,0,0,0,0,0,0,0,0,0,0,0,0,0,0,0,0,0,0,0,0,0,0,0,0,0,0,0,0,0,0,0,0,0,0,0,0,0,0,0,0,0,0,0,0,0,0,0,0,0,0,0,0,0,0,0,0,0,0,0,0,0,0,0,0,-0.000567956176775537,-0.00157064304311574,-0.00250776454408205,-0.00307060968932631,-0.00370305273329141,-0.00405346896246085,-0.00423943072681994,-0.00463648183707029,-0.00504387512509442,-0.00532616447230383,-0.005470579286023,-0.00542893544320342,-0.00524107218874938,-0.00512009760451053,-0.00483210318978904,-0.00389328394480813,-0.00324521950519132,-0.00253362861496616,-0.0017745348018847,-0.0010113461410074,-0.000305244405817485,0,0,0
"V150",0,0,0,0,0,0,0,0,0,0,0,0,0,0,0,0,0,0,0,0,0,0,0,0,0,0,0,0,0,0,0,0,0,0,0,0,0,0,0,0,0,0,0,0,0,0,0,0,0,0,0,0,0,0,0,0,0,0,0,0,0,0,0,0,0,0,0,0,0,0.00133836472396173,0.00333201668144667,0.00515209576176352,0.00693611217673425,0.00889101908703017,0.0106899506616538,0.012355264747501,0.0138206009965953,0.0149772597577436,0.015885606883112,0.0168068997376096,0.0184285119126957,0.0198391000327607,0.0207845666572726,0.0217867295443593,0.0228524818093193,0.0238239525397802,0.0247593465555676,0.0256239504681118,0.0264884377050801,0.0271640064636247,0.027917561691628,0.028907115218062,0.0298003289104134,0.0307853016128602,0.0316517715346612,0.0325137789535553,0.0333138132460683,0.0340523865890285,0.0346387680779233,0.0351666087767364
"V151",0,0,0,0,0,0,0,0,0,0,0,0,0,0,0,0,0,0,0,0,0,0,0,0,0,0,0,0,0,0,0,0,0,0,0,0,0,0,0,0,0,0,0,0,0,0,0,0,0,0,-0.00189481894314684,-0.00437538289567996,-0.00670023306732431,-0.00883081025884165,-0.0109259251395378,-0.0133120062009838,-0.0155294639460135,-0.0175483774822328,-0.0194272730626973,-0.0211937575608226,-0.0228338773892763,-0.0250190104250965,-0.0267472968793926,-0.028619636858797,-0.0303698602895359,-0.0317073497858621,-0.0330057335484183,-0.0342866267918034,-0.0357054008022133,-0.0371197856695635,-0.0383074301363888,-0.0396185928417935,-0.0404975943931837,-0.0416447193745438,-0.0428810321161754,-0.0437035456918001,-0.0448321654962459,-0.0459719008142601,-0.0475906280899805,-0.0489913955932966,-0.049960637134904,-0.0509605845627842,-0.0520671949262014,-0.0531244339772042,-0.0542217564009237,-0.0553279367943579,-0.056666429902104,-0.0577892654292771,-0.0590751805993281,-0.0600545312157601,-0.0612399287003887,-0.0628705225193037,-0.0641032068866128,-0.0655458127592879,-0.0666195509266141,-0.0677612147616139,-0.0689178732599725,-0.0700030249620591,-0.0710839418895225,-0.0720710641791077
"V152",0,0,0,0,0,0,0,0,0,0,0,0,0,0,0,0,0,0,0,0,0,0,0,0,0,0,0,0,0,0,0,0,0,0,0,0,0,0,0,0,0,0,0,0,0,0,0,0,0,0,0,0,0,0,0,0,0,0,0,0,0,0,0,0,0,0,0,0,0,0,0,0,0,0,0,0,0,0,0,0,0,0,0,0,0,0,0,0,0,0,0,0,0,0,0,0,0,0,0,0
"V153",0,0,0,0,0,0,0,0,0,0,0,0,0,0,0,0,0,0,0,0,0,0,0,0,0,0,0,0,0,0,0,0,0,0,0,0,0,0,0,0,0,0,0,0,0,0,0,0,0,0,0,0,0,0,0,0,0,0,0,0,0,0,0,0,0,0,0,0,0,0,0,0,0,0,0,0,0,0,0,0,0,0.00140497062300655,0.00377497193320371,0.00637323697409881,0.0086875584701381,0.0108099474477738,0.0128993675754984,0.0148380127779359,0.0167750973485021,0.0184198441542867,0.0201737388634952,0.0216622888357428,0.0230678948733645,0.0245507938262309,0.0256853046553518,0.0267653441690041,0.0277956581849448,0.0287459930163042,0.0296143863734723,0.0304953858547725
"V154",0,0,0,0,0,0,0,0,0,0,0,0,0,0,0,0,0,0,0,0,0,0,0,0,0,0,0,0,0,0,0,0,0,0,0,0,0,0,0,0,0,0,0,0,0,0,0,0,0,0,0,0,0,0,0,0,0,0,0,0,0,0,0,0,0.000748723475426892,0.0019056673778691,0.00276583041517742,0.00370412128356511,0.00448908848416438,0.00469871389462089,0.00485439500699852,0.00499676210039184,0.00553285038881293,0.00586849613017184,0.00610425392136949,0.00653592661647916,0.00689859640617338,0.0076015215651186,0.00885565094466573,0.0100041471582602,0.011295724594969,0.0123791118255635,0.0137354153825499,0.0153229251475014,0.016702711830248,0.0180339290196138,0.0191967969986319,0.0202231828925552,0.0212422159310683,0.0220634069255298,0.0229967777672783,0.0237754371634388,0.0245740686938346,0.0253984067123257,0.0260048678421926,0.0265701547149127,0.0270860232270837,0.0275587189883265,0.0279994671881613,0.0284782563269567
"V155",0,0,0,0,0,0,0,0,0,0,0,0,0,0,0,0,0,0,0,0,0,0,0,0,0,0,0,0,0,0,0,0,0,0,0,0,0,0,0,0,0,0,0,0,0,0,0,0,0,0,0,0,0,0,0,0,0,0,0,0,0,0,0,0,0,0,0,0,0,0,0,0,0,0,0,0,0,0,0,0,0,0,0,0,0,0,0,0,0,0,0,0,0,0,0,0,0,0,0,0
"V156",0,0,0,0,0,0,0,0,0,0,0,0,0,0,0,0,0,0,0,0,0,0,0,0,0,0,0,0,0,0,0,0,0,0,0,0,0,0,0,0,0,0,0,0,0,0,0,0,0,0,0,0,0,0,0,0,0,0,0,0,0.000869699060115248,0.00364848635540242,0.00648762900898076,0.00931642442494783,0.0121756366938573,0.0149314831167446,0.017860401373077,0.0207356820002457,0.0232774988405693,0.0258033003786924,0.0286389572064416,0.0311838554431887,0.0336408071535886,0.036318415889354,0.0387666581448761,0.0410439252075656,0.0432428817434782,0.0452974725312293,0.0469999997723147,0.0485187065130503,0.050456459399366,0.05224728549501,0.0538602680681792,0.0552666517060169,0.0567131800107867,0.0580429810814653,0.0593550132277303,0.0604488855617576,0.0614244924150555,0.0623407045125388,0.0631541373655256,0.0637887670206233,0.0642163723214109,0.0644809624791544,0.0646153456750557,0.0646224298808005,0.0645822012623367,0.0645405367370325,0.0645437685013324,0.0645406738493867
"V157",0,0,0,0,0,0,0,0,0,0,0,0,0,0,0,0,0,0,0,0,0,0,0,0,0,0,0,0,0,0,0,0,0,0,0,0,0,0,0,0,0,0,0,0,0,0,0,0,0,0,0,0,0,0,0,0,0,0,0,0,0,0,0,0,0,0,0,0,0,0,0,0,0,0,0,0,0,0,0,0,0,0,0,0,0,0,0,0,0,0,0,0,0,0,0,0,0,0,0,0
"V158",0,0,0,0,0,0,0,0,0,0,0,0,0,0,0,0,0,0,0,0,0,0,0,0,0,0,0,0,0,0,0,0,0,0,0,0,0,0,0,0,0,0,0,0,0,0,0,0,0,0,0,0,0,0,0,0,0,0,0,0,0,0,0,0,0,0,0,0,0,0,0,0,0,0,0,0,0,0,0,0,0,0,0,0,0,0,0,0,0,0,0,0,0,0,0,0,0,0,0,0
"V159",0,0,0,0,0,0,0,0,0,0,0,0,0,0,0,0,0,0,0,0,0,0,0,0,0,0,0,0,0,0,0,0,0,0,0,0,0,0,0,0,0,0,0,0,0,0,0,0,0,0,0,0,0,0,0,0,0,0,0,0,0,0,0,0,0,0,0,0,0,0,0,0,0,0,0,0,0,0,0,0,0,0,0,0,0,0,0,0,0,0,0,0,0,0,0,0,0,0,0,0
"V160",0,0,0,0,0,0,0,0,0,0,0,0,0,0,0,0,0,0,0,0,0,0,0,0,0,0,0,0,0,0,0,0,0,0,0,0,0,0,0,0,0,0,0,0,0,0,0,0,0,0,0,0,0,0,0,0,0,0,0,0,0,0,0,0,0,0,0,0,0,0,0,0,0,0,0,0,0,0,0,0,0,0,0,0,0,0,0,0,0,0,0,-0.00013324517535368,-0.00100214108347035,-0.00201625896860183,-0.00321453268042041,-0.00443907340958643,-0.0055060739534802,-0.00653634745438336,-0.00764471501849286,-0.00876672853562027
"V161",0,0,0,0,0,0,0,0,0,0,0,0,0,0,0,0,0,0,0,0,0,0,0,0,0,0,0,0,0,0,0,0,0,0,0,0,0,0,0,0,0,0,0,0,0,0,0,0,0,0,0,0,0,0,0,0,0,0,0,0,0,0.00192934812281133,0.00446078157365006,0.00657315352757339,0.00879417695013415,0.0109501874370989,0.01328917909782,0.0157767180869163,0.0181273952100574,0.0201591669447069,0.0222438257441695,0.0240832151940495,0.0256442885117344,0.026929385158131,0.0281716918557667,0.0294339485149094,0.0303707120904579,0.0310678234907052,0.0318082567937095,0.0324985511364108,0.0330573506959492,0.033442642396821,0.0339918939303896,0.0343029166105005,0.0345289684696147,0.0348297597835106,0.0349873805355228,0.0353807991990462,0.0358878509012506,0.0364468862158426,0.03682901564398,0.0371150697330752,0.0372697181169387,0.0371253321828877,0.0373132745760355,0.0374793072521892,0.0376747342181214,0.0378344511794314,0.0378785382053607,0.0378991716178155
"V162",0,0,0,0,0,0,0,0,0,0,0,0,0,0,0,0,0,0,0,0,0,0,0,0,0,0,0,0,0,0,0,0,0,0,0,0,0,0,0,0,0,0,0,0,0,0,0,0,0,0,0,0,0,0,0,0,0,0,0,0,0,0,0,0,0,0,0,0,0,0,0,0,0,0,0,0,0,0,0,0,0,0,0,0,0,0,0,0,0,0,0,0,0,0,0,0,0,0,0,0
"V163",0,0,0,0,0,0,0,0,0,0,0,0,0,0,0,0,0,0,0,0,0,0,0,0,0,0,0,0,0,0,0,0,0,0,0,0,0,0,0,0,0,0,0,0,0,0,0,0,0,0,0,0,0,0,0,0,0,0,0,0,0,0,0,0,0,0,0,0,0,0,0,0,0,0,0,0,0,0,0,0,0,0,0,0,0,0,0,0,0,0,0,0,0,0,0,0,0,0,0,0
"V164",0,0,0,0,0,0,0,0,0,0,0,0,0,0,0,0,0,0,0,0,0,0,0,0,0,0,0,0,0,0,0,0,0,0,0,0,0,0,0,0,0,0,0,0,0,0,0,0,0,0,0,0,0,0,0,0,0,0,0,0,0,0,0,0,0,0,0,0,0,0,0,0,0,0,0,0,0,0,0,0,0,0,0,0,0,0,0,0,0,0,-6.44244023573198e-05,-0.000860103780417754,-0.00185947011610913,-0.00329729304572842,-0.00470936349239807,-0.00628007815810632,-0.00784814906642117,-0.00933584902565015,-0.0108765161198691,-0.0124141273482521
"V165",0,0,0,0,0,0,0,0,0,0,0,0,0,0,0,0,0,0,0,0,0,0,0,0,0,0,0,0,0,0,0,0,0,0,0,0,0,0,0,0,0,0,0,0,0,0,0,0,0,0,0,0,0,0,0,0,0,0,0,0,0,0,0,0,0,0,0,0,0,0,0,0,0,0,0,0,0,0,0,0,0,0,0,0,0,0,0,0,0,0,0,0,0,0,0,0,0,0,0,0
"V166",0,0,0,0,0,0,0,0,0,0,0,0,0,0,0,0,0,0,0,0,0,0,0,0,0,0,0,0,0,0,0,0,0,0,0,0,0,0,0,0,0,0,0,0,0,0,0,0,0,0,0,0,0,0,0,0,0,0,0,0,0,0,0,0,0,0,0,0,0,0,0,0,0,0,0,0,0,0,0,0,0,0,0,0,0,0,0,0,0,0,0,0,0,0.00011215605183141,0.000780512860512979,0.00160262296096586,0.00243423092024759,0.00330367390421066,0.0042184276573369,0.00510072753128861
"V167",0,0,0,0,0,0,0,0,0,0,0,0,0,0,0,0,0,0,0,0,0,0,0,0,0,0,0,0,0,0,0,0,0,0,0,0,0,0,0,0,0,0,0,0,0,0,0,0,0,0,0,0,0,0,0,0,0,0,0,0,0,0,0,0,0,0,0,0,0,0,0,0,0,0,0,0,0,0,0,0,0,0,0,0,0,0,0,0,0,0,0,0,0,0,0,0,0,0,0,0
"V168",0,0,0,0,0,0,0,0,0,0,0,0,0,0,0,0,0,0,0,0,0,0,0,0,0,0,0,0,0,0,0,0,0,0,0,0,0,0,0,0,0,0,0,0,0,0,0,0,0,0,0,0,0,0,0,0,0,0,0,0,0,0,0,0,0,0,0,0,0,0,0,0,0,0,0,0,0,0,0,0,0,0,0,0,0,0,0,0,0,0,0,0,0,0,0,0,0,0,0,0
"V169",0,0,0,0,0,0,0,0,0,0,0,0,0,0,0,0,0,0,0,0,0,0,0,0,0,0,0,0,0,0,0,0,0,0,0,0,0,0,0,0,0,0,0,0,0,0,0,0,0,0,0,0,0,0,0,0,0,0,0,0,0,0,0,0,0,0,0,0,0,0,0,0,0,0,0,0,0,0,0,0,0,0,0,0,0,0,0,0,0,0,0,0,0,0,0,0,0,0,0,0
"V170",0,0,0,0,0,0,0,0,0,0,0,0,0,0,0,0,0,0,0,0,0,0,0,0,0,0,0,0,0,0,0,0,0,0,0,0,0,0,0,0,0,0,0,0,0,0,0,0,0,0,0,0,0,0,0,0,0,0,0,0,0,0,0,0,0,0,0,0,0,0,0,0,0,0,0,0,0,0,0,0,0,0,0,0,0,0,0,0,0,0,0,0,0,0,0,0,0,0,0,0
"V171",0,0,0,0,0,0,0,0,0,0,0,0,0,0,0,0,0,0,0,0,0,0,0,0,0,0,0,0,0,0,0,0,0,0,0,0,0,0,0,0,0,0,0,0,0,0,0,0,0,0,0,0,0,0,0,0,0,0,0,0,0,0,0,0,0,0,0,0,0,0,0,0,0,0,0,0,0,0,0,0,0,0,0,0,0,0,0,0,0,0,0,0,0,0,0,0,0,0,0,0
"V172",0,0,0,0,0,0,0,0,0,0,0,0,0,0,0,0,0,0,0,0,0,0,0,0,0,0,0,0,0,0,0,0,0,0,0,0,0,0,0,0,0,0,0,0,0,0,0,0,0,0,0,0,0,0,0,0,0,0,0,0,0,0,0,0,0,0,0,0,0,0,0,0,0,0,0,0,0,0,0,0,0,0,0,0,0,0,0,0,0,0,0,0,0,0,0,0,0,0,0,0
"V173",0,0,0,0,0,0,0,0,0,0,0,0,0,0,0,0,0,0,0,0,0,0,0,0,0,0,0,0,0,0,0,0,0,0,0,0,0,0,0,0,0,0,0,0,0,0,0,0,0,0,0,0,0,0,0,0,0,0,0,0,0,0,0.00107874763279008,0.00262884757612816,0.00407634931272804,0.00567685481970258,0.00703443677161716,0.00817350142188355,0.00938088672024144,0.0107140750518299,0.0119870856833825,0.0132271734218461,0.0147282786169062,0.0161386386523448,0.0175005151597851,0.0189267203409598,0.0204336927070423,0.0219322095304045,0.023356981730476,0.0247860684623956,0.0266766878030147,0.028405988320547,0.0299874476524278,0.0316145352245852,0.033214664905244,0.0346730231389064,0.0360334930150649,0.0371198846128011,0.0382708204261032,0.0393633340638437,0.0405920284352993,0.041827395361578,0.0429856653930231,0.0440828944333342,0.0450431720620515,0.0459224875657355,0.046794189854086,0.0476845969704805,0.0485807787551154,0.0494798948299793
"V174",0,0,0,0,0,0,0,0,0,0,0,0,0,0,0,0,0,0,0,0,0,0,0,0,0,0,0,0,0,0,0,0,0,0,0,0,0,0,0,0,0,0,0,0,0,0,0,0,0,0,0,0,0,0,0,0,0,0,0,0,0,0,0,0,0,0,0,0,0,0,0,0,0,0,0,0,0,0,0,0,0,0,0,0,0,0,0,0,0,0,0,0,0,0,0,0,0,0,0,0
"V175",0,0,0,0,0,0,0,0,0,0,0,0,0,0,0,0,0,0,0,0,0,0,0,0,0,0,0,0,0,0,0,0,0,0,0,0,0,0,0,0,0,0,0,0,0,0,0,0,0,0,0,0,0,0,0,0,0,0,0,0,0,0,0,0,0,0,0,0,0,0,0,0,0,0,0,0,0,0,0,0,0,0,0,0,0,0,0,0,0,0,0,0,0,-7.86716385425476e-06,-0.000559032866097915,-0.000992518476860375,-0.00136912588234852,-0.00173541273357043,-0.00206462446661441,-0.00239133182657917
"V176",0,0,0,0,0,0,0,0,0,0,0,0,0,0,0,0,0,0,0,0,0,0,0,0,0,0,0,0,0,0,0,0,0,0,0,0,0,0,0,0,0,0,0,0,0,0,0,0,0,0,0,0,0,0,0,0,0,0,0,0,0,0,0,0,0,0,0,0,0,0,0,0,0,0,0,0,0,0,0,0,0,0,0,0,0,0,0,0,0,0,0,0,0,0,0,0,0,0,0,0
"V177",0,0,0,0,0,0,0,0,0,0,0,0,0,0,0,0,0,0,0,0,0,0,0,0,0,0,0,0,0,0,0,0,0,0,0,0,0,0,0,0,0,0,0,0,0,0,0,0,0,0,0,0,0,0,0,0,0,0,0,0,0,0,0,0,0,0,0,0,0,0,0,0,0,0,0,0,0,0,0.000592723705990226,0.00154628058168947,0.00281646453740454,0.00419748577557876,0.0054127069883677,0.00614816007706526,0.00686619123282455,0.00768678055283001,0.00835469302706191,0.00897210978550825,0.00945864457487793,0.0098332990420838,0.00998726360230992,0.0100862416389369,0.0103142815449026,0.0104885801556359,0.0105897823082718,0.0106192615771479,0.0105496417093729,0.01037626607051,0.0101963796088254,0.0100313954332599
"V178",0,0,0,0,0,0,0,0,0,0,0,0,0,0,0,0,0,0,0,0,0,0,0,0,0,0,0,0,0,0,0,0,0,0,0,0,0,0,0,0,0,0,0,0,0,0,0,0,0,0,0,0,0,0,0,0,0,0,0,0,0,0,0,0,0,0,0,0,0,0,0,0,0,0,0,0,0,-0.00058124192271336,-0.00181375723728976,-0.00270375711232562,-0.00339976613906666,-0.00398414829333067,-0.00442762342113055,-0.00448165725119726,-0.004763940512395,-0.00496552286233742,-0.00514775947988614,-0.0053791859591698,-0.00579911965115869,-0.00621010697660099,-0.00673426729630505,-0.00752671591471517,-0.00829453139282627,-0.00920747571808972,-0.0098656639378081,-0.0103732086060505,-0.0108349254996617,-0.0112797515890104,-0.0117111368626563,-0.0121067150130726
"V179",0,0,0,0,0,0,0,0,0,0,0,0,0,0,0,0,0,0,0,0,0,0,0,0,0,0,0,0,0,0,0,0,0,0,0,0,0,0,0,0,0,0,0,0,0,0,0,0,0,0,0,0,0,0,0,0,0,0,0,0,0,0,0,0,0,0,0,0,0,0,0,0,0,0,0,0,0,0,0,0,0,0,0,0,0,0,0,0,0,0,0,0,0,0,0,0,0,0,0,0
"V180",0,0,0,0,0,0,0,0,0,0,0,0,0,0,0,0,0,0,0,0,0,0,0,0,0,0,0,0,0,0,0,0,0,0,0,0,0,0,0,0,0,0,0,0,0,0,0,0,0,0,0,0,0,0,0,0,0,0,0,0,0,0,0,0,0,0,0,0,0,0,0,0,0,0,0,0,0,0,0,0,0,0,0,0,0,0,0,0,0,0,0,0,0,0,0,0,0,0,0,0
"V181",0,0,0,0,0,0,0,0,0,0,0,0,0,0,0,0,0,0,0,0,0,0,0,0,0,0,0,0,0,0,0,0,0,0,0,0,0,0,0,0,0,0,0,0,0,0,0,0,0,0,0,0,0,0,0,0,0,0,0,0,0,0,0,0,0,0,0,0,0,0,0,0,0,0,0,0,0,0,0,-0.000636570792557386,-0.00326354831930309,-0.00622728959583613,-0.00909769439075851,-0.0120974906243441,-0.0150088616360244,-0.017712618755606,-0.0204573720861161,-0.0228541180802842,-0.0254078033783353,-0.0272086429279386,-0.0292395329047886,-0.0312960057913417,-0.0329373443630897,-0.0348849515156901,-0.0363529988204958,-0.0378531030734423,-0.0392528072896399,-0.0405147851193584,-0.0416620602155684,-0.0427869486883717
"V182",0,0,0,0,0,0,0,0,0,0,0,0,0,0,0,0,0,0,0,0,0,0,0,0,0,0,0,0,0,0,0,0,0,0,0,0,0,0,0,0,0,0,0,0,0,0,0,0,0,0,0,0,0,0,0,0,0,0,0,0,0,0,0,0,0,0,0,0,0,0,0,0,0,0,0,0,0,0,0,0,0,0,0,0,0,0,0,0,0,0.000115005052017158,0.000733148141084511,0.000947069277290293,0.0010093774047345,0.000992385608806895,0.00125633417783167,0.00155999040202395,0.00185442379871972,0.00218604415908297,0.00250096047705561,0.00280750588966309
"V183",0,0,0,0,0,0,0,0,0,0,0,0,0,0,0,0,0,0,0,0,0,0,0,0,0,0,0,0,0,0,0,0,0,0,0,0,0,0,0,0,0,0,0,0,0,0,0,0,0,0,0,0,0,0,0,0,0,0,0,0,0,0,0,0,0,0,0,0,0,0,0,0,0,0,0,0,0,0,0,0,0,0,0,0,0,0,0,0,0,0,0,0,0,0,0,0,0,0,0,0
"V184",0,0,0,0,0,0,0,0,0,0,0,0,0,0,0,0,0,0,0,0,0,0,0,0,0,0,0,0,0,0,0,0,0,0,0,0,0,0,0,0,0,0,0,0,0,0,0,0,0,0,0,0,0,0,0,0,0,0,0,0,0,0,0,0,0,0,0,0,0,0,0,0,0,0,0,0,0,0,0,0,0,0,0,0,0,0,0,0,0,0,0,0,0,0,0,0,0,0,0,0
"V185",0,0,0,0,0,0,0,0,0,0,0,0,0,0,0,0,0,0,0,0,0,0,0,0,0,0,0,0,0,0,0,0,0,0,0,0,0,0,0,0,0,0,0,0,0,0,0,0,0,0,-8.76220949904069e-05,-0.00126799739535926,-0.00215089459665248,-0.00296126265016396,-0.00374982140761257,-0.0045072346607099,-0.00525399706775904,-0.00609056047014238,-0.00686509111049195,-0.00751522793349889,-0.00826080542445497,-0.00950065655108414,-0.0105337669158508,-0.0115814380355618,-0.0123761311086238,-0.0132473232954616,-0.0141089695256878,-0.0145657587111026,-0.0151733205955985,-0.0163025094938373,-0.0172948003297967,-0.018306154143507,-0.0193480768631541,-0.0200846987461651,-0.0207609552178209,-0.0214462019731845,-0.0220651157611195,-0.022467723958812,-0.0227971166391872,-0.0232519301890345,-0.0242348727300419,-0.0251085131263905,-0.0257701722367136,-0.0267333374139484,-0.0275785490335455,-0.0282233187444208,-0.0289001383038785,-0.0292688903864244,-0.0296455036907946,-0.0298726095695021,-0.0300910095839169,-0.0303209568653936,-0.0305149867206194,-0.0306897643625587,-0.0307020900961153,-0.0306805515827561,-0.0306476148217125,-0.0305775559289202,-0.0305679088283911,-0.0305979781822766
"V186",0,0,0,0,0,0,0,0,0,0,0,0,0,0,0,0,0,0,0,0,0,0,0,0,0,0,0,0,0,0,0,0,0,0,0,0,0,0,0,0,0,0,0,0,0,0,0,0,0,0,0,0,0,0,0,0,0,0,0,0,0,0,0,0,0,0,0,0,0,0,0,0,0,0,0,0,0,0,0,0,0,0,0,0,0,0,0,0,0,0,0,-3.43453364726517e-05,-0.000908196532594384,-0.001785423895057,-0.00229589549079195,-0.00281806830086689,-0.00332184884298376,-0.00378368852579611,-0.00422999146410223,-0.00467479209157298
"V187",0,0,0,0,0,0,0,0,0,0,0,0,0,0,0,0,0,0,0,0,0,0,0,0,0,0,0,0,0,0,0,0,0,0,0,0,0,0,0,0,0,0,0,0,0,0,0,0,0,0,0,0,0,0,0,0,0,0,0,0,0,0,0,0,0,0,0,0,0,0,0,0,0,0,0,0,0,0,0,0,0,0,0,0,0,0,0,0,0,0,0,0,0,0,0,0,0,0,0,0
"V188",0,0,0,0,0,0,0,0,0,0,0,0,0,0,0,0,0,0,0,0,0,0,0,0,0,0,0,0,0,0,0,0,0,0,0,0,0,0,0,0,0,0,0,0,0,0,0,0,0,0,0,0,0,0,0,0,0,0,0,0,0,0,0,0,0,0,0,0,0,0,0,0,0,0,0,0,0,0,0,0,0,0,0,0,0,0,0,0,0,0,0,0,0,0,0,0,0,0,0,0
"V189",0,0,0,0,0,0,0,0,0,0,0,0,0,0,0,0,0,0,0,0,0,0,0,0,0,0,0,0,0,0,0,0,0,0,0,0,0,0,0,0,0,0,0,0,0,0,0,0,0,0,0,0,0,0,0,0,0,0,0,0,0,0,0,0,0,0,0,0,0,0,0,0,0,0,0,0,0,0,0,0,0,0,4.55080947413828e-05,0.000877832330786454,0.00165503697305112,0.0022955250709649,0.00294237529795239,0.0033979981557326,0.00374379488933764,0.0039548661092179,0.00438841350089496,0.00470171270045692,0.00486164196662717,0.00501881661147597,0.00509830152614225,0.00521105632634844,0.00527023811669967,0.00528098086514602,0.00531166347342683,0.00535717440035344
"V190",0,0,0,0,0,0,0,0,0,0,0,0,0,0,0,0,0,0,0,0,0,0,0,0,0,0,0,0,0,0,0,0,0,0,0,0,0,0,0,0,0,0,0,0,0,0,0,0,0,0,0,0,0,0,0,0,0,0,0,0,0,0,0,0,0,0,0,0,0,0,0,0,0,0,0,0,0,0,0,0,0,0,0,0,0,0,0,0,-1.24358571167819e-05,-0.000370572800393116,-0.000513552178647838,-0.000565444678760829,-0.000558931659384022,-0.000370982677093625,-0.000179052910440997,0,0,0,0,0
"V191",0,0,0,0,0,0,0,0,0,0,0,0,0,0,0,0,0,0,0,0,0,0,0,0,0,0,0,0,0,0,0,0,0,0,0,0,0,0,0,0,0,0,0,0,0,0,0,0,0,0,0,0,0,0,0,0,0,0,0,0,0,0,0,0,0,0,0,0,0,0,0,0,0,0,0,0,0,0,0,0,0,0,0,0,0,0,0,0,0,0,0,0,0,0,0,0,0,0,0,0
"V192",0,0,0,0,0,0,0,0,0,0,0,0,0,0,0,0,0,0,0,0,0,0,0,0,0,0,0,0,0,0,0,0,0,0,0,0,0,0,0,0,0,0,0,0,0,0,0,0,0,0,0,0,0,0,0,0,0,0,0,0,0,-4.13114032128611e-05,-0.0015208675206514,-0.00311232222335697,-0.00474179690632009,-0.00622336775606443,-0.00775766605599582,-0.00919526121127901,-0.0103012778775465,-0.0115411628585385,-0.0129295649901142,-0.0141480222934041,-0.0152471679405501,-0.015910861734097,-0.0164099320832339,-0.017065089292865,-0.0175237746716665,-0.0182780666121002,-0.0191061569095764,-0.0196550841940236,-0.0200858271873278,-0.0207168525189831,-0.0213793341693294,-0.0225069422496856,-0.0235056799965416,-0.0243913829803533,-0.0253902041692469,-0.026271391928555,-0.0270933757453813,-0.0278761987907412,-0.0284390694006171,-0.0289891693658466,-0.0297474627233175,-0.030612386463166,-0.0314245665226005,-0.0322038322658272,-0.0329701581347887,-0.0337268024398781,-0.0344352863516255,-0.0351127013865219
"V193",0,0,0,0,0,0,0,0,0,0,0,0,0,0,0,0,0,0,0,0,0,0,0,0,0,0,0,0,0,0,0,0,0,0,0,0,0,0,0,0,0,0,0,0,0,0,0,0,0,0,0,0,0,0,0,0,0,0,0,0,0,0,0,0,0,0,0,0,0,0,0,0,0,0,0,0,0,0,0,0,0,0,0,0,0,0,0,0,0,0,0,0,0,0,0,0,0,0,0,0
"V194",0,0,0,0,0,0,0,0,0,0,0,0,0,0,0,0,0,0,0,0,0,0,0,0,0,0,0,0,0,0,0,0,0,0,0,0,0,0,0,0,0,0,0,0,0,0,0,0,0,0,0,0,0,0,0,0,0,0,0,0,0,0,0,0,0,0,0,0,0,0,0,0,0,0,0,0,0,0,0,0,0,0,0,0,0,0,0,0,0,0,0,0,0,0,0,0,0,0,0,0
"V195",0,0,0,0,0,0,0,0,0,0,0,0,0,0,0,0,0,0,0,0,0,0,0,0,0,0,0,0,0,0,0,0,0,0,0,0,0,0,0,0,0,0,0,0,0,0,0,0,0,0,0,0,0,0,0,0,0,0,0,0,0,0,0,0,0,0,0,0,0,0,0,0,0,0,0,0,0,0,0,0,0,0,0,0,0,0,0,0,0,0,0,0,0,0,0,0,0,0,0,0
"V196",0,0,0,0,0,0,0,0,0,0,0,0,0,0,0,0,0,0,0,0,0,0,0,0,0,0,0,0,0,0,0,0,0,0,0,0,0,0,0,0,0,0,0,0,0,0,0,0,0,0,0,0,0,0,0,0,0,0,0,0,0,0,0,0,0,0,0,0,0,0,0,0,0,0,0,0,0,0,0,0,0,0,0,0,0,0,0,0,0,0,0,0,0,0,0,0,0,0,0,0
"V197",0,0,0,0,0,0,0,0,0,0,0,0,0,0,0,0,0,0,0,0,0,0,0,0,0,0,0,0,0,0,0,0,0,0,0,0,0,0,0,0,0,0,0,0,0,0,0,0,0,0,0,0,0,0,0,0,0,0,0,0,0,0,0,0,0,0,0,0,0,0,0,0,0,0,0,0,0,0,0,0,0,0,0,0,0,0,0,0,0,0,6.1579509095213e-05,0.00100198274242165,0.00171151456043657,0.0026117153053251,0.00354657792430111,0.00453160565355176,0.00546672672780835,0.00636683694362093,0.00722819491206285,0.00804070933947063
"V198",0,0,0,0,0,0,0,0,0,0,0,0,0,0,0,0,0,0,0,0,0,0,0,0,0,0,0,0,0,0,0,0,0,0,0,0,0,0,0,0,0,0,0,0,0,0,0,0,0,0,0,0,0,0,0,0,0,0,0,0,0,0,0,0,0,0,0,0,0,0,0,0,0,0,0,0,0,0,0,0,0,0,0,0,0,0,0,0,0,0,0,0,0,0,0,0,0,0,0,0
"V199",0,0,0,0,0,0,0,0,0,0,0,0,0,0,0,0,0,0,0,0,0,0,0,0,0,0,0,0,0,0,0,0,0,0,0,0,0,0,0,0,0,0,0,0,0,0,0,0,0,0,0,0,0,0,0,0,0,0,0,0,0,0,0,0,0,0,0.00192312993399532,0.00418082695564374,0.00622613298883947,0.00798551785024262,0.0100045140318382,0.0117365669538118,0.0134605325528305,0.0151913118718692,0.0167428873826443,0.0183494593532236,0.0198107726131328,0.0210874242702695,0.0221789698400587,0.0233936179231638,0.0243886172777685,0.0252416320821331,0.0259201662170256,0.0266471662307344,0.0272663536624402,0.0278884324884726,0.0283617021090552,0.0290293937259147,0.0296430864835085,0.030272678710072,0.0309214142368106,0.0319063297326151,0.0328902576966653,0.0340005504249972,0.0351486130311398,0.0363247934230416,0.0374401370908418,0.0384913455640395,0.0394852077105708,0.0404749147986056
"V200",0,0,0,0,0,0,0,0,0,0,0,0,0,0,0,0,0,0,0,0,0,0,0,0,0,0,0,0,0,0,0,0,0,0,0,0,0,0,0,0,0,0,0,0,0,0,0,0,0,0,0,0,0,0,0,0,0,0,0,0,0,0,0,0,0,0,0,0,0,0,0,0,0,0,0,0,0,0,0,0,0,0,0,0,0,0,0,0,0,0,0,0,0,0,0,0,0,0,0,0
